census_state_code,census_state_name,source_name,source_year
01,JAMMU & KASHMIR,"Office of the Registrar General & Census Commissioner, India",2011
02,HIMACHAL PRADESH,"Office of the Registrar General & Census Commissioner, India",2011
03,PUNJAB,"Office of the Registrar General & Census Commissioner, India",2011
04,CHANDIGARH,"Office of the Registrar General & Census Commissioner, India",2011
05,UTTARAKHAND,"Office of the Registrar General & Census Commissioner, India",2011
06,HARYANA,"Office of the Registrar General & Census Commissioner, India",2011
07,NCT OF DELHI,"Office of the Registrar General & Census Commissioner, India",2011
08,RAJASTHAN,"Office of the Registrar General & Census Commissioner, India",2011
09,UTTAR PRADESH,"Office of the Registrar General & Census Commissioner, India",2011
10,BIHAR,"Office of the Registrar General & Census Commissioner, India",2011
11,SIKKIM,"Office of the Registrar General & Census Commissioner, India",2011
12,ARUNACHAL PRADESH,"Office of the Registrar General & Census Commissioner, India",2011
13,NAGALAND,"Office of the Registrar General & Census Commissioner, India",2011
14,MANIPUR,"Office of the Registrar General & Census Commissioner, India",2011
15,MIZORAM,"Office of the Registrar General & Census Commissioner, India",2011
16,TRIPURA,"Office of the Registrar General & Census Commissioner, India",2011
17,MEGHALAYA,"Office of the Registrar General & Census Commissioner, India",2011
18,ASSAM,"Office of the Registrar General & Census Commissioner, India",2011
19,WEST BENGAL,"Office of the Registrar General & Census Commissioner, India",2011
20,JHARKHAND,"Office of the Registrar General & Census Commissioner, India",2011
21,ODISHA,"Office of the Registrar General & Census Commissioner, India",2011
22,CHHATTISGARH,"Office of the Registrar General & Census Commissioner, India",2011
23,MADHYA PRADESH,"Office of the Registrar General & Census Commissioner, India",2011
24,GUJARAT,"Office of the Registrar General & Census Commissioner, India",2011
25,DAMAN & DIU,"Office of the Registrar General & Census Commissioner, India",2011
26,DADRA & NAGAR HAVELI,"Office of the Registrar General & Census Commissioner, India",2011
27,MAHARASHTRA,"Office of the Registrar General & Census Commissioner, India",2011
28,ANDHRA PRADESH,"Office of the Registrar General & Census Commissioner, India",2011
29,KARNATAKA,"Office of the Registrar General & Census Commissioner, India",2011
30,GOA,"Office of the Registrar General & Census Commissioner, India",2011
31,LAKSHADWEEP,"Office of the Registrar General & Census Commissioner, India",2011
32,KERALA,"Office of the Registrar General & Census Commissioner, India",2011
33,TAMIL NADU,"Office of the Registrar General & Census Commissioner, India",2011
34,PUDUCHERRY,"Office of the Registrar General & Census Commissioner, India",2011
35,ANDAMAN & NICOBAR ISLANDS,"Office of the Registrar General & Census Commissioner, India",2011
