language_id,census_code,census_language_number,name,census_raw_name,census_category,is_scheduled,population_2011,male_population_2011,female_population_2011,rural_population_2011,urban_population_2011,source_name,source_dataset,source_year,source_reference,verification_status
lang_census_001,001000,1,Assamese,1 ASSAMESE,SCHEDULED_8,True,15311351,7810583,7500768,13144701,2166650,"Office of the Registrar General & Census Commissioner, India","C-16: Population by Mother Tongue, India, 2011",2011,PC11_C16-00,OFFICIAL_CENSUS_2011
lang_census_002,002000,2,Bengali,2 BENGALI,SCHEDULED_8,True,97237669,49798752,47438917,69914845,27322824,"Office of the Registrar General & Census Commissioner, India","C-16: Population by Mother Tongue, India, 2011",2011,PC11_C16-00,OFFICIAL_CENSUS_2011
lang_census_003,003000,3,Bodo,3 BODO,SCHEDULED_8,True,1482929,745017,737912,1419762,63167,"Office of the Registrar General & Census Commissioner, India","C-16: Population by Mother Tongue, India, 2011",2011,PC11_C16-00,OFFICIAL_CENSUS_2011
lang_census_004,004000,4,Dogri,4 DOGRI,SCHEDULED_8,True,2596767,1369581,1227186,1903658,693109,"Office of the Registrar General & Census Commissioner, India","C-16: Population by Mother Tongue, India, 2011",2011,PC11_C16-00,OFFICIAL_CENSUS_2011
lang_census_005,005000,5,Gujarati,5 GUJARATI,SCHEDULED_8,True,55492554,28562042,26930512,32881496,22611058,"Office of the Registrar General & Census Commissioner, India","C-16: Population by Mother Tongue, India, 2011",2011,PC11_C16-00,OFFICIAL_CENSUS_2011
lang_census_006,006000,6,Hindi,6 HINDI,SCHEDULED_8,True,528347193,276610187,251737006,386872201,141474992,"Office of the Registrar General & Census Commissioner, India","C-16: Population by Mother Tongue, India, 2011",2011,PC11_C16-00,OFFICIAL_CENSUS_2011
lang_census_007,007000,7,Kannada,7 KANNADA,SCHEDULED_8,True,43706512,22111292,21595220,30738803,12967709,"Office of the Registrar General & Census Commissioner, India","C-16: Population by Mother Tongue, India, 2011",2011,PC11_C16-00,OFFICIAL_CENSUS_2011
lang_census_008,008000,8,Kashmiri,8 KASHMIRI,SCHEDULED_8,True,6797587,3505539,3292048,4605122,2192465,"Office of the Registrar General & Census Commissioner, India","C-16: Population by Mother Tongue, India, 2011",2011,PC11_C16-00,OFFICIAL_CENSUS_2011
lang_census_009,009000,9,Konkani,9 KONKANI,SCHEDULED_8,True,2256502,1104587,1151915,970231,1286271,"Office of the Registrar General & Census Commissioner, India","C-16: Population by Mother Tongue, India, 2011",2011,PC11_C16-00,OFFICIAL_CENSUS_2011
lang_census_010,010000,10,Maithili,10 MAITHILI,SCHEDULED_8,True,13583464,7112056,6471408,12513745,1069719,"Office of the Registrar General & Census Commissioner, India","C-16: Population by Mother Tongue, India, 2011",2011,PC11_C16-00,OFFICIAL_CENSUS_2011
lang_census_011,011000,11,Malayalam,11 MALAYALAM,SCHEDULED_8,True,34838819,16712384,18126435,17411083,17427736,"Office of the Registrar General & Census Commissioner, India","C-16: Population by Mother Tongue, India, 2011",2011,PC11_C16-00,OFFICIAL_CENSUS_2011
lang_census_012,012000,12,Manipuri,12 MANIPURI,SCHEDULED_8,True,1761079,875943,885136,1001566,759513,"Office of the Registrar General & Census Commissioner, India","C-16: Population by Mother Tongue, India, 2011",2011,PC11_C16-00,OFFICIAL_CENSUS_2011
lang_census_013,013000,13,Marathi,13 MARATHI,SCHEDULED_8,True,83026680,42565803,40460877,52697457,30329223,"Office of the Registrar General & Census Commissioner, India","C-16: Population by Mother Tongue, India, 2011",2011,PC11_C16-00,OFFICIAL_CENSUS_2011
lang_census_014,014000,14,Nepali,14 NEPALI,SCHEDULED_8,True,2926168,1524029,1402139,2009479,916689,"Office of the Registrar General & Census Commissioner, India","C-16: Population by Mother Tongue, India, 2011",2011,PC11_C16-00,OFFICIAL_CENSUS_2011
lang_census_015,015000,15,Odia,15 ODIA,SCHEDULED_8,True,37521324,19103304,18418020,31015786,6505538,"Office of the Registrar General & Census Commissioner, India","C-16: Population by Mother Tongue, India, 2011",2011,PC11_C16-00,OFFICIAL_CENSUS_2011
lang_census_016,016000,16,Punjabi,16 PUNJABI,SCHEDULED_8,True,33124726,17340931,15783795,21328323,11796403,"Office of the Registrar General & Census Commissioner, India","C-16: Population by Mother Tongue, India, 2011",2011,PC11_C16-00,OFFICIAL_CENSUS_2011
lang_census_017,017000,17,Sanskrit,17 SANSKRIT,SCHEDULED_8,True,24821,13636,11185,10908,13913,"Office of the Registrar General & Census Commissioner, India","C-16: Population by Mother Tongue, India, 2011",2011,PC11_C16-00,OFFICIAL_CENSUS_2011
lang_census_018,018000,18,Santali,18 SANTALI,SCHEDULED_8,True,7368192,3678969,3689223,6980935,387257,"Office of the Registrar General & Census Commissioner, India","C-16: Population by Mother Tongue, India, 2011",2011,PC11_C16-00,OFFICIAL_CENSUS_2011
lang_census_019,019000,19,Sindhi,19 SINDHI,SCHEDULED_8,True,2772264,1412101,1360163,795136,1977128,"Office of the Registrar General & Census Commissioner, India","C-16: Population by Mother Tongue, India, 2011",2011,PC11_C16-00,OFFICIAL_CENSUS_2011
lang_census_020,020000,20,Tamil,20 TAMIL,SCHEDULED_8,True,69026881,34600690,34426191,35627590,33399291,"Office of the Registrar General & Census Commissioner, India","C-16: Population by Mother Tongue, India, 2011",2011,PC11_C16-00,OFFICIAL_CENSUS_2011
lang_census_021,021000,21,Telugu,21 TELUGU,SCHEDULED_8,True,81127740,40658539,40469201,53845101,27282639,"Office of the Registrar General & Census Commissioner, India","C-16: Population by Mother Tongue, India, 2011",2011,PC11_C16-00,OFFICIAL_CENSUS_2011
lang_census_022,022000,22,Urdu,22 URDU,SCHEDULED_8,True,50772631,26180481,24592150,21127388,29645243,"Office of the Registrar General & Census Commissioner, India","C-16: Population by Mother Tongue, India, 2011",2011,PC11_C16-00,OFFICIAL_CENSUS_2011
lang_census_023,023000,23,Adi,23 ADI,NON_SCHEDULED,False,248834,123150,125684,199942,48892,"Office of the Registrar General & Census Commissioner, India","C-16: Population by Mother Tongue, India, 2011",2011,PC11_C16-00,OFFICIAL_CENSUS_2011
lang_census_024,024000,24,Afghani/Kabuli/Pashto,24 AFGHANI/KABULI/PASHTO,NON_SCHEDULED,False,21677,11557,10120,13431,8246,"Office of the Registrar General & Census Commissioner, India","C-16: Population by Mother Tongue, India, 2011",2011,PC11_C16-00,OFFICIAL_CENSUS_2011
lang_census_025,025000,25,Anal,25 ANAL,NON_SCHEDULED,False,27217,13206,14011,26158,1059,"Office of the Registrar General & Census Commissioner, India","C-16: Population by Mother Tongue, India, 2011",2011,PC11_C16-00,OFFICIAL_CENSUS_2011
lang_census_026,026000,26,Angami,26 ANGAMI,NON_SCHEDULED,False,152796,74847,77949,98535,54261,"Office of the Registrar General & Census Commissioner, India","C-16: Population by Mother Tongue, India, 2011",2011,PC11_C16-00,OFFICIAL_CENSUS_2011
lang_census_027,027000,27,Ao,27 AO,NON_SCHEDULED,False,260008,130455,129553,171375,88633,"Office of the Registrar General & Census Commissioner, India","C-16: Population by Mother Tongue, India, 2011",2011,PC11_C16-00,OFFICIAL_CENSUS_2011
lang_census_028,028000,28,Arabic/Arbi,28 ARABIC/ARBI,NON_SCHEDULED,False,54947,29938,25009,39051,15896,"Office of the Registrar General & Census Commissioner, India","C-16: Population by Mother Tongue, India, 2011",2011,PC11_C16-00,OFFICIAL_CENSUS_2011
lang_census_029,029000,29,Balti,29 BALTI,NON_SCHEDULED,False,13774,7152,6622,12234,1540,"Office of the Registrar General & Census Commissioner, India","C-16: Population by Mother Tongue, India, 2011",2011,PC11_C16-00,OFFICIAL_CENSUS_2011
lang_census_030,030000,30,Bhili/Bhilodi,30 BHILI/BHILODI,NON_SCHEDULED,False,10413637,5222991,5190646,10004725,408912,"Office of the Registrar General & Census Commissioner, India","C-16: Population by Mother Tongue, India, 2011",2011,PC11_C16-00,OFFICIAL_CENSUS_2011
lang_census_031,031000,31,Bhotia,31 BHOTIA,NON_SCHEDULED,False,229954,113626,116328,178560,51394,"Office of the Registrar General & Census Commissioner, India","C-16: Population by Mother Tongue, India, 2011",2011,PC11_C16-00,OFFICIAL_CENSUS_2011
lang_census_032,032000,32,Bhumij,32 BHUMIJ,NON_SCHEDULED,False,27506,13873,13633,25814,1692,"Office of the Registrar General & Census Commissioner, India","C-16: Population by Mother Tongue, India, 2011",2011,PC11_C16-00,OFFICIAL_CENSUS_2011
lang_census_033,033000,33,Bishnupuriya,33 BISHNUPURIYA,NON_SCHEDULED,False,79646,39762,39884,68860,10786,"Office of the Registrar General & Census Commissioner, India","C-16: Population by Mother Tongue, India, 2011",2011,PC11_C16-00,OFFICIAL_CENSUS_2011
lang_census_034,034000,34,Chakhesang,34 CHAKHESANG,NON_SCHEDULED,False,19846,10171,9675,12177,7669,"Office of the Registrar General & Census Commissioner, India","C-16: Population by Mother Tongue, India, 2011",2011,PC11_C16-00,OFFICIAL_CENSUS_2011
lang_census_035,035000,35,Chakru/Chokri,35 CHAKRU/CHOKRI,NON_SCHEDULED,False,91216,46143,45073,77622,13594,"Office of the Registrar General & Census Commissioner, India","C-16: Population by Mother Tongue, India, 2011",2011,PC11_C16-00,OFFICIAL_CENSUS_2011
lang_census_036,036000,36,Chang,36 CHANG,NON_SCHEDULED,False,66852,34533,32319,49053,17799,"Office of the Registrar General & Census Commissioner, India","C-16: Population by Mother Tongue, India, 2011",2011,PC11_C16-00,OFFICIAL_CENSUS_2011
lang_census_037,037000,37,Coorgi/Kodagu,37 COORGI/KODAGU,NON_SCHEDULED,False,113857,56116,57741,78458,35399,"Office of the Registrar General & Census Commissioner, India","C-16: Population by Mother Tongue, India, 2011",2011,PC11_C16-00,OFFICIAL_CENSUS_2011
lang_census_038,038000,38,Deori,38 DEORI,NON_SCHEDULED,False,32376,16234,16142,30286,2090,"Office of the Registrar General & Census Commissioner, India","C-16: Population by Mother Tongue, India, 2011",2011,PC11_C16-00,OFFICIAL_CENSUS_2011
lang_census_039,039000,39,Dimasa,39 DIMASA,NON_SCHEDULED,False,137184,68713,68471,122729,14455,"Office of the Registrar General & Census Commissioner, India","C-16: Population by Mother Tongue, India, 2011",2011,PC11_C16-00,OFFICIAL_CENSUS_2011
lang_census_040,040000,40,English,40 ENGLISH,NON_SCHEDULED,False,259678,129115,130563,36985,222693,"Office of the Registrar General & Census Commissioner, India","C-16: Population by Mother Tongue, India, 2011",2011,PC11_C16-00,OFFICIAL_CENSUS_2011
lang_census_041,041000,41,Gadaba,41 GADABA,NON_SCHEDULED,False,40976,19704,21272,39698,1278,"Office of the Registrar General & Census Commissioner, India","C-16: Population by Mother Tongue, India, 2011",2011,PC11_C16-00,OFFICIAL_CENSUS_2011
lang_census_042,042000,42,Gangte,42 GANGTE,NON_SCHEDULED,False,16542,8389,8153,14526,2016,"Office of the Registrar General & Census Commissioner, India","C-16: Population by Mother Tongue, India, 2011",2011,PC11_C16-00,OFFICIAL_CENSUS_2011
lang_census_043,043000,43,Garo,43 GARO,NON_SCHEDULED,False,1145323,576528,568795,1022642,122681,"Office of the Registrar General & Census Commissioner, India","C-16: Population by Mother Tongue, India, 2011",2011,PC11_C16-00,OFFICIAL_CENSUS_2011
lang_census_044,044000,44,Gondi,44 GONDI,NON_SCHEDULED,False,2984453,1476174,1508279,2870691,113762,"Office of the Registrar General & Census Commissioner, India","C-16: Population by Mother Tongue, India, 2011",2011,PC11_C16-00,OFFICIAL_CENSUS_2011
lang_census_045,045000,45,Halabi,45 HALABI,NON_SCHEDULED,False,766297,376881,389416,691366,74931,"Office of the Registrar General & Census Commissioner, India","C-16: Population by Mother Tongue, India, 2011",2011,PC11_C16-00,OFFICIAL_CENSUS_2011
lang_census_046,046000,46,Halam,46 HALAM,NON_SCHEDULED,False,38915,19667,19248,36086,2829,"Office of the Registrar General & Census Commissioner, India","C-16: Population by Mother Tongue, India, 2011",2011,PC11_C16-00,OFFICIAL_CENSUS_2011
lang_census_047,047000,47,Hmar,47 HMAR,NON_SCHEDULED,False,98988,49558,49430,78693,20295,"Office of the Registrar General & Census Commissioner, India","C-16: Population by Mother Tongue, India, 2011",2011,PC11_C16-00,OFFICIAL_CENSUS_2011
lang_census_048,048000,48,Ho,48 HO,NON_SCHEDULED,False,1421418,703538,717880,1304816,116602,"Office of the Registrar General & Census Commissioner, India","C-16: Population by Mother Tongue, India, 2011",2011,PC11_C16-00,OFFICIAL_CENSUS_2011
lang_census_049,049000,49,Jatapu,49 JATAPU,NON_SCHEDULED,False,20028,9535,10493,19960,68,"Office of the Registrar General & Census Commissioner, India","C-16: Population by Mother Tongue, India, 2011",2011,PC11_C16-00,OFFICIAL_CENSUS_2011
lang_census_050,050000,50,Juang,50 JUANG,NON_SCHEDULED,False,30378,14889,15489,30274,104,"Office of the Registrar General & Census Commissioner, India","C-16: Population by Mother Tongue, India, 2011",2011,PC11_C16-00,OFFICIAL_CENSUS_2011
lang_census_051,051000,51,Kabui,51 KABUI,NON_SCHEDULED,False,122931,61268,61663,87684,35247,"Office of the Registrar General & Census Commissioner, India","C-16: Population by Mother Tongue, India, 2011",2011,PC11_C16-00,OFFICIAL_CENSUS_2011
lang_census_052,052000,52,Karbi/Mikir,52 KARBI/MIKIR,NON_SCHEDULED,False,528503,267064,261439,481209,47294,"Office of the Registrar General & Census Commissioner, India","C-16: Population by Mother Tongue, India, 2011",2011,PC11_C16-00,OFFICIAL_CENSUS_2011
lang_census_053,053000,53,Khandeshi,53 KHANDESHI,NON_SCHEDULED,False,1860236,953302,906934,1656161,204075,"Office of the Registrar General & Census Commissioner, India","C-16: Population by Mother Tongue, India, 2011",2011,PC11_C16-00,OFFICIAL_CENSUS_2011
lang_census_054,054000,54,Kharia,54 KHARIA,NON_SCHEDULED,False,297614,146937,150677,273169,24445,"Office of the Registrar General & Census Commissioner, India","C-16: Population by Mother Tongue, India, 2011",2011,PC11_C16-00,OFFICIAL_CENSUS_2011
lang_census_055,055000,55,Khasi,55 KHASI,NON_SCHEDULED,False,1431344,703717,727627,1139710,291634,"Office of the Registrar General & Census Commissioner, India","C-16: Population by Mother Tongue, India, 2011",2011,PC11_C16-00,OFFICIAL_CENSUS_2011
lang_census_056,056000,56,Khezha,56 KHEZHA,NON_SCHEDULED,False,41625,21126,20499,33965,7660,"Office of the Registrar General & Census Commissioner, India","C-16: Population by Mother Tongue, India, 2011",2011,PC11_C16-00,OFFICIAL_CENSUS_2011
lang_census_057,057000,57,Khiemnungan,57 KHIEMNUNGAN,NON_SCHEDULED,False,61983,32414,29569,55262,6721,"Office of the Registrar General & Census Commissioner, India","C-16: Population by Mother Tongue, India, 2011",2011,PC11_C16-00,OFFICIAL_CENSUS_2011
lang_census_058,058000,58,Khond/Kondh,58 KHOND/KONDH,NON_SCHEDULED,False,155548,74709,80839,153796,1752,"Office of the Registrar General & Census Commissioner, India","C-16: Population by Mother Tongue, India, 2011",2011,PC11_C16-00,OFFICIAL_CENSUS_2011
lang_census_059,059000,59,Kinnauri,59 KINNAURI,NON_SCHEDULED,False,83561,40785,42776,80245,3316,"Office of the Registrar General & Census Commissioner, India","C-16: Population by Mother Tongue, India, 2011",2011,PC11_C16-00,OFFICIAL_CENSUS_2011
lang_census_060,060000,60,Kisan,60 KISAN,NON_SCHEDULED,False,206100,102398,103702,189730,16370,"Office of the Registrar General & Census Commissioner, India","C-16: Population by Mother Tongue, India, 2011",2011,PC11_C16-00,OFFICIAL_CENSUS_2011
lang_census_061,061000,61,Koch,61 KOCH,NON_SCHEDULED,False,36434,18295,18139,34861,1573,"Office of the Registrar General & Census Commissioner, India","C-16: Population by Mother Tongue, India, 2011",2011,PC11_C16-00,OFFICIAL_CENSUS_2011
lang_census_062,062000,62,Koda/Kora,62 KODA/KORA,NON_SCHEDULED,False,47268,23559,23709,42764,4504,"Office of the Registrar General & Census Commissioner, India","C-16: Population by Mother Tongue, India, 2011",2011,PC11_C16-00,OFFICIAL_CENSUS_2011
lang_census_063,063000,63,Kolami,63 KOLAMI,NON_SCHEDULED,False,128451,64423,64028,126112,2339,"Office of the Registrar General & Census Commissioner, India","C-16: Population by Mother Tongue, India, 2011",2011,PC11_C16-00,OFFICIAL_CENSUS_2011
lang_census_064,064000,64,Kom,64 KOM,NON_SCHEDULED,False,15108,7483,7625,13788,1320,"Office of the Registrar General & Census Commissioner, India","C-16: Population by Mother Tongue, India, 2011",2011,PC11_C16-00,OFFICIAL_CENSUS_2011
lang_census_065,065000,65,Konda,65 KONDA,NON_SCHEDULED,False,60699,30039,30660,59421,1278,"Office of the Registrar General & Census Commissioner, India","C-16: Population by Mother Tongue, India, 2011",2011,PC11_C16-00,OFFICIAL_CENSUS_2011
lang_census_066,066000,66,Konyak,66 KONYAK,NON_SCHEDULED,False,244477,127807,116670,211984,32493,"Office of the Registrar General & Census Commissioner, India","C-16: Population by Mother Tongue, India, 2011",2011,PC11_C16-00,OFFICIAL_CENSUS_2011
lang_census_067,067000,67,Korku,67 KORKU,NON_SCHEDULED,False,727133,368285,358848,716922,10211,"Office of the Registrar General & Census Commissioner, India","C-16: Population by Mother Tongue, India, 2011",2011,PC11_C16-00,OFFICIAL_CENSUS_2011
lang_census_068,068000,68,Korwa,68 KORWA,NON_SCHEDULED,False,28453,14303,14150,24275,4178,"Office of the Registrar General & Census Commissioner, India","C-16: Population by Mother Tongue, India, 2011",2011,PC11_C16-00,OFFICIAL_CENSUS_2011
lang_census_069,069000,69,Koya,69 KOYA,NON_SCHEDULED,False,407423,197697,209726,402214,5209,"Office of the Registrar General & Census Commissioner, India","C-16: Population by Mother Tongue, India, 2011",2011,PC11_C16-00,OFFICIAL_CENSUS_2011
lang_census_070,070000,70,Kui,70 KUI,NON_SCHEDULED,False,941488,451412,490076,920283,21205,"Office of the Registrar General & Census Commissioner, India","C-16: Population by Mother Tongue, India, 2011",2011,PC11_C16-00,OFFICIAL_CENSUS_2011
lang_census_071,071000,71,Kuki,71 KUKI,NON_SCHEDULED,False,83968,43025,40943,68117,15851,"Office of the Registrar General & Census Commissioner, India","C-16: Population by Mother Tongue, India, 2011",2011,PC11_C16-00,OFFICIAL_CENSUS_2011
lang_census_072,072000,72,Kurukh/Oraon,72 KURUKH/ORAON,NON_SCHEDULED,False,1988350,993346,995004,1808916,179434,"Office of the Registrar General & Census Commissioner, India","C-16: Population by Mother Tongue, India, 2011",2011,PC11_C16-00,OFFICIAL_CENSUS_2011
lang_census_073,073000,73,Ladakhi,73 LADAKHI,NON_SCHEDULED,False,14952,8885,6067,9829,5123,"Office of the Registrar General & Census Commissioner, India","C-16: Population by Mother Tongue, India, 2011",2011,PC11_C16-00,OFFICIAL_CENSUS_2011
lang_census_074,074000,74,Lahauli,74 LAHAULI,NON_SCHEDULED,False,11574,5765,5809,8281,3293,"Office of the Registrar General & Census Commissioner, India","C-16: Population by Mother Tongue, India, 2011",2011,PC11_C16-00,OFFICIAL_CENSUS_2011
lang_census_075,075000,75,Lahnda,75 LAHNDA,NON_SCHEDULED,False,108791,55889,52902,54373,54418,"Office of the Registrar General & Census Commissioner, India","C-16: Population by Mother Tongue, India, 2011",2011,PC11_C16-00,OFFICIAL_CENSUS_2011
lang_census_076,076000,76,Lakher,76 LAKHER,NON_SCHEDULED,False,42429,21241,21188,28067,14362,"Office of the Registrar General & Census Commissioner, India","C-16: Population by Mother Tongue, India, 2011",2011,PC11_C16-00,OFFICIAL_CENSUS_2011
lang_census_077,077000,77,Lalung,77 LALUNG,NON_SCHEDULED,False,33921,17033,16888,32617,1304,"Office of the Registrar General & Census Commissioner, India","C-16: Population by Mother Tongue, India, 2011",2011,PC11_C16-00,OFFICIAL_CENSUS_2011
lang_census_078,078000,78,Lepcha,78 LEPCHA,NON_SCHEDULED,False,47331,24162,23169,42597,4734,"Office of the Registrar General & Census Commissioner, India","C-16: Population by Mother Tongue, India, 2011",2011,PC11_C16-00,OFFICIAL_CENSUS_2011
lang_census_079,079000,79,Liangmei,79 LIANGMEI,NON_SCHEDULED,False,49811,25564,24247,46996,2815,"Office of the Registrar General & Census Commissioner, India","C-16: Population by Mother Tongue, India, 2011",2011,PC11_C16-00,OFFICIAL_CENSUS_2011
lang_census_080,080000,80,Limbu,80 LIMBU,NON_SCHEDULED,False,40835,21307,19528,39120,1715,"Office of the Registrar General & Census Commissioner, India","C-16: Population by Mother Tongue, India, 2011",2011,PC11_C16-00,OFFICIAL_CENSUS_2011
lang_census_081,081000,81,Lotha,81 LOTHA,NON_SCHEDULED,False,179467,90406,89061,128240,51227,"Office of the Registrar General & Census Commissioner, India","C-16: Population by Mother Tongue, India, 2011",2011,PC11_C16-00,OFFICIAL_CENSUS_2011
lang_census_082,082000,82,Lushai/Mizo,82 LUSHAI/MIZO,NON_SCHEDULED,False,830846,412349,418497,318218,512628,"Office of the Registrar General & Census Commissioner, India","C-16: Population by Mother Tongue, India, 2011",2011,PC11_C16-00,OFFICIAL_CENSUS_2011
lang_census_083,083000,83,Malto,83 MALTO,NON_SCHEDULED,False,234991,118822,116169,233413,1578,"Office of the Registrar General & Census Commissioner, India","C-16: Population by Mother Tongue, India, 2011",2011,PC11_C16-00,OFFICIAL_CENSUS_2011
lang_census_084,084000,84,Mao,84 MAO,NON_SCHEDULED,False,240205,124393,115812,232313,7892,"Office of the Registrar General & Census Commissioner, India","C-16: Population by Mother Tongue, India, 2011",2011,PC11_C16-00,OFFICIAL_CENSUS_2011
lang_census_085,085000,85,Maram,85 MARAM,NON_SCHEDULED,False,32460,16596,15864,32181,279,"Office of the Registrar General & Census Commissioner, India","C-16: Population by Mother Tongue, India, 2011",2011,PC11_C16-00,OFFICIAL_CENSUS_2011
lang_census_086,086000,86,Maring,86 MARING,NON_SCHEDULED,False,25814,13058,12756,25287,527,"Office of the Registrar General & Census Commissioner, India","C-16: Population by Mother Tongue, India, 2011",2011,PC11_C16-00,OFFICIAL_CENSUS_2011
lang_census_087,087000,87,Miri/Mishing,87 MIRI/MISHING,NON_SCHEDULED,False,629954,320282,309672,616089,13865,"Office of the Registrar General & Census Commissioner, India","C-16: Population by Mother Tongue, India, 2011",2011,PC11_C16-00,OFFICIAL_CENSUS_2011
lang_census_088,088000,88,Mishmi,88 MISHMI,NON_SCHEDULED,False,44100,21725,22375,38814,5286,"Office of the Registrar General & Census Commissioner, India","C-16: Population by Mother Tongue, India, 2011",2011,PC11_C16-00,OFFICIAL_CENSUS_2011
lang_census_089,089000,89,Mogh,89 MOGH,NON_SCHEDULED,False,36665,18481,18184,35495,1170,"Office of the Registrar General & Census Commissioner, India","C-16: Population by Mother Tongue, India, 2011",2011,PC11_C16-00,OFFICIAL_CENSUS_2011
lang_census_090,090000,90,Monpa,90 MONPA,NON_SCHEDULED,False,13703,7072,6631,9912,3791,"Office of the Registrar General & Census Commissioner, India","C-16: Population by Mother Tongue, India, 2011",2011,PC11_C16-00,OFFICIAL_CENSUS_2011
lang_census_091,091000,91,Munda,91 MUNDA,NON_SCHEDULED,False,505922,253115,252807,456585,49337,"Office of the Registrar General & Census Commissioner, India","C-16: Population by Mother Tongue, India, 2011",2011,PC11_C16-00,OFFICIAL_CENSUS_2011
lang_census_092,092000,92,Mundari,92 MUNDARI,NON_SCHEDULED,False,1128228,563608,564620,1042230,85998,"Office of the Registrar General & Census Commissioner, India","C-16: Population by Mother Tongue, India, 2011",2011,PC11_C16-00,OFFICIAL_CENSUS_2011
lang_census_093,093000,93,Nicobarese,93 NICOBARESE,NON_SCHEDULED,False,29099,14974,14125,26970,2129,"Office of the Registrar General & Census Commissioner, India","C-16: Population by Mother Tongue, India, 2011",2011,PC11_C16-00,OFFICIAL_CENSUS_2011
lang_census_094,094000,94,Nissi/Dafla,94 NISSI/DAFLA,NON_SCHEDULED,False,406532,198973,207559,329041,77491,"Office of the Registrar General & Census Commissioner, India","C-16: Population by Mother Tongue, India, 2011",2011,PC11_C16-00,OFFICIAL_CENSUS_2011
lang_census_095,095000,95,Nocte,95 NOCTE,NON_SCHEDULED,False,30839,15436,15403,24461,6378,"Office of the Registrar General & Census Commissioner, India","C-16: Population by Mother Tongue, India, 2011",2011,PC11_C16-00,OFFICIAL_CENSUS_2011
lang_census_096,096000,96,Paite,96 PAITE,NON_SCHEDULED,False,79507,39433,40074,68329,11178,"Office of the Registrar General & Census Commissioner, India","C-16: Population by Mother Tongue, India, 2011",2011,PC11_C16-00,OFFICIAL_CENSUS_2011
lang_census_097,097000,97,Parji,97 PARJI,NON_SCHEDULED,False,52349,25951,26398,51776,573,"Office of the Registrar General & Census Commissioner, India","C-16: Population by Mother Tongue, India, 2011",2011,PC11_C16-00,OFFICIAL_CENSUS_2011
lang_census_098,098000,98,Pawi,98 PAWI,NON_SCHEDULED,False,28639,14292,14347,19131,9508,"Office of the Registrar General & Census Commissioner, India","C-16: Population by Mother Tongue, India, 2011",2011,PC11_C16-00,OFFICIAL_CENSUS_2011
lang_census_100,100000,100,Phom,100 PHOM,NON_SCHEDULED,False,54416,28351,26065,43834,10582,"Office of the Registrar General & Census Commissioner, India","C-16: Population by Mother Tongue, India, 2011",2011,PC11_C16-00,OFFICIAL_CENSUS_2011
lang_census_101,101000,101,Pochury,101 POCHURY,NON_SCHEDULED,False,21654,11067,10587,20560,1094,"Office of the Registrar General & Census Commissioner, India","C-16: Population by Mother Tongue, India, 2011",2011,PC11_C16-00,OFFICIAL_CENSUS_2011
lang_census_102,102000,102,Rabha,102 RABHA,NON_SCHEDULED,False,139986,70802,69184,135048,4938,"Office of the Registrar General & Census Commissioner, India","C-16: Population by Mother Tongue, India, 2011",2011,PC11_C16-00,OFFICIAL_CENSUS_2011
lang_census_103,103000,103,Rai,103 RAI,NON_SCHEDULED,False,15644,8069,7575,14707,937,"Office of the Registrar General & Census Commissioner, India","C-16: Population by Mother Tongue, India, 2011",2011,PC11_C16-00,OFFICIAL_CENSUS_2011
lang_census_104,104000,104,Rengma,104 RENGMA,NON_SCHEDULED,False,65328,32444,32884,54967,10361,"Office of the Registrar General & Census Commissioner, India","C-16: Population by Mother Tongue, India, 2011",2011,PC11_C16-00,OFFICIAL_CENSUS_2011
lang_census_105,105000,105,Sangtam,105 SANGTAM,NON_SCHEDULED,False,76000,38664,37336,55165,20835,"Office of the Registrar General & Census Commissioner, India","C-16: Population by Mother Tongue, India, 2011",2011,PC11_C16-00,OFFICIAL_CENSUS_2011
lang_census_106,106000,106,Savara,106 SAVARA,NON_SCHEDULED,False,409549,200366,209183,402669,6880,"Office of the Registrar General & Census Commissioner, India","C-16: Population by Mother Tongue, India, 2011",2011,PC11_C16-00,OFFICIAL_CENSUS_2011
lang_census_107,107000,107,Sema,107 SEMA,NON_SCHEDULED,False,10802,5498,5304,4696,6106,"Office of the Registrar General & Census Commissioner, India","C-16: Population by Mother Tongue, India, 2011",2011,PC11_C16-00,OFFICIAL_CENSUS_2011
lang_census_108,108000,108,Sherpa,108 SHERPA,NON_SCHEDULED,False,16012,8344,7668,13847,2165,"Office of the Registrar General & Census Commissioner, India","C-16: Population by Mother Tongue, India, 2011",2011,PC11_C16-00,OFFICIAL_CENSUS_2011
lang_census_109,109000,109,Shina,109 SHINA,NON_SCHEDULED,False,32247,16889,15358,30698,1549,"Office of the Registrar General & Census Commissioner, India","C-16: Population by Mother Tongue, India, 2011",2011,PC11_C16-00,OFFICIAL_CENSUS_2011
lang_census_111,111000,111,Tamang,111 TAMANG,NON_SCHEDULED,False,20154,10585,9569,16729,3425,"Office of the Registrar General & Census Commissioner, India","C-16: Population by Mother Tongue, India, 2011",2011,PC11_C16-00,OFFICIAL_CENSUS_2011
lang_census_112,112000,112,Tangkhul,112 TANGKHUL,NON_SCHEDULED,False,187276,94572,92704,154287,32989,"Office of the Registrar General & Census Commissioner, India","C-16: Population by Mother Tongue, India, 2011",2011,PC11_C16-00,OFFICIAL_CENSUS_2011
lang_census_113,113000,113,Tangsa,113 TANGSA,NON_SCHEDULED,False,38624,19496,19128,34900,3724,"Office of the Registrar General & Census Commissioner, India","C-16: Population by Mother Tongue, India, 2011",2011,PC11_C16-00,OFFICIAL_CENSUS_2011
lang_census_114,114000,114,Thado,114 THADO,NON_SCHEDULED,False,229340,114752,114588,211980,17360,"Office of the Registrar General & Census Commissioner, India","C-16: Population by Mother Tongue, India, 2011",2011,PC11_C16-00,OFFICIAL_CENSUS_2011
lang_census_115,115000,115,Tibetan,115 TIBETAN,NON_SCHEDULED,False,182685,99795,82890,134889,47796,"Office of the Registrar General & Census Commissioner, India","C-16: Population by Mother Tongue, India, 2011",2011,PC11_C16-00,OFFICIAL_CENSUS_2011
lang_census_116,116000,116,Tripuri,116 TRIPURI,NON_SCHEDULED,False,1011294,510715,500579,972527,38767,"Office of the Registrar General & Census Commissioner, India","C-16: Population by Mother Tongue, India, 2011",2011,PC11_C16-00,OFFICIAL_CENSUS_2011
lang_census_117,117000,117,Tulu,117 TULU,NON_SCHEDULED,False,1846427,901360,945067,1084487,761940,"Office of the Registrar General & Census Commissioner, India","C-16: Population by Mother Tongue, India, 2011",2011,PC11_C16-00,OFFICIAL_CENSUS_2011
lang_census_118,118000,118,Vaiphei,118 VAIPHEI,NON_SCHEDULED,False,42748,21343,21405,38528,4220,"Office of the Registrar General & Census Commissioner, India","C-16: Population by Mother Tongue, India, 2011",2011,PC11_C16-00,OFFICIAL_CENSUS_2011
lang_census_119,119000,119,Wancho,119 WANCHO,NON_SCHEDULED,False,59154,29786,29368,53413,5741,"Office of the Registrar General & Census Commissioner, India","C-16: Population by Mother Tongue, India, 2011",2011,PC11_C16-00,OFFICIAL_CENSUS_2011
lang_census_120,120000,120,Yimchungre,120 YIMCHUNGRE,NON_SCHEDULED,False,83259,42553,40706,69591,13668,"Office of the Registrar General & Census Commissioner, India","C-16: Population by Mother Tongue, India, 2011",2011,PC11_C16-00,OFFICIAL_CENSUS_2011
lang_census_121,121000,121,Zeliang,121 ZELIANG,NON_SCHEDULED,False,63529,32144,31385,49744,13785,"Office of the Registrar General & Census Commissioner, India","C-16: Population by Mother Tongue, India, 2011",2011,PC11_C16-00,OFFICIAL_CENSUS_2011
lang_census_122,122000,122,Zemi,122 ZEMI,NON_SCHEDULED,False,50925,25869,25056,45037,5888,"Office of the Registrar General & Census Commissioner, India","C-16: Population by Mother Tongue, India, 2011",2011,PC11_C16-00,OFFICIAL_CENSUS_2011
lang_census_123,123000,123,Zou,123 ZOU,NON_SCHEDULED,False,26545,13250,13295,23819,2726,"Office of the Registrar General & Census Commissioner, India","C-16: Population by Mother Tongue, India, 2011",2011,PC11_C16-00,OFFICIAL_CENSUS_2011
lang_census_124,124000,124,Others,124 OTHERS,RESIDUAL,False,1875542,948447,927095,1381714,493828,"Office of the Registrar General & Census Commissioner, India","C-16: Population by Mother Tongue, India, 2011",2011,PC11_C16-00,OFFICIAL_CENSUS_2011
