mother_tongue_id,language_census_code,parent_language_name,census_code,name,is_residual_category,population_2011,male_population_2011,female_population_2011,rural_population_2011,urban_population_2011,source_name,source_dataset,source_year,verification_status
mt_census_001002,001000,Assamese,001002,Assamese,False,14816414,7555350,7261064,12680101,2136313,"Office of the Registrar General & Census Commissioner, India","C-16: Population by Mother Tongue, India, 2011",2011,OFFICIAL_CENSUS_2011
mt_census_001999,001000,Assamese,001999,1 Others,True,494937,255233,239704,464600,30337,"Office of the Registrar General & Census Commissioner, India","C-16: Population by Mother Tongue, India, 2011",2011,OFFICIAL_CENSUS_2011
mt_census_002007,002000,Bengali,002007,Bengali,False,96177835,49254753,46923082,68921285,27256550,"Office of the Registrar General & Census Commissioner, India","C-16: Population by Mother Tongue, India, 2011",2011,OFFICIAL_CENSUS_2011
mt_census_002011,002000,Bengali,002011,Chakma,False,228281,116928,111353,220162,8119,"Office of the Registrar General & Census Commissioner, India","C-16: Population by Mother Tongue, India, 2011",2011,OFFICIAL_CENSUS_2011
mt_census_002015,002000,Bengali,002015,Haijong/Hajong,False,71792,36364,35428,65601,6191,"Office of the Registrar General & Census Commissioner, India","C-16: Population by Mother Tongue, India, 2011",2011,OFFICIAL_CENSUS_2011
mt_census_002044,002000,Bengali,002044,Rajbangsi,False,475861,244079,231782,437408,38453,"Office of the Registrar General & Census Commissioner, India","C-16: Population by Mother Tongue, India, 2011",2011,OFFICIAL_CENSUS_2011
mt_census_002999,002000,Bengali,002999,2 Others,True,283900,146628,137272,270389,13511,"Office of the Registrar General & Census Commissioner, India","C-16: Population by Mother Tongue, India, 2011",2011,OFFICIAL_CENSUS_2011
mt_census_003001,003000,Bodo,003001,Bodo/Boro,False,1454547,730541,724006,1396225,58322,"Office of the Registrar General & Census Commissioner, India","C-16: Population by Mother Tongue, India, 2011",2011,OFFICIAL_CENSUS_2011
mt_census_003003,003000,Bodo,003003,Kachari,False,15984,8204,7780,12784,3200,"Office of the Registrar General & Census Commissioner, India","C-16: Population by Mother Tongue, India, 2011",2011,OFFICIAL_CENSUS_2011
mt_census_003004,003000,Bodo,003004,Mech/Mechhia,False,11546,5849,5697,10064,1482,"Office of the Registrar General & Census Commissioner, India","C-16: Population by Mother Tongue, India, 2011",2011,OFFICIAL_CENSUS_2011
mt_census_003999,003000,Bodo,003999,3 Others,True,852,423,429,689,163,"Office of the Registrar General & Census Commissioner, India","C-16: Population by Mother Tongue, India, 2011",2011,OFFICIAL_CENSUS_2011
mt_census_004001,004000,Dogri,004001,Dogri,False,2596763,1369578,1227185,1903657,693106,"Office of the Registrar General & Census Commissioner, India","C-16: Population by Mother Tongue, India, 2011",2011,OFFICIAL_CENSUS_2011
mt_census_004999,004000,Dogri,004999,4 Others,True,4,3,1,1,3,"Office of the Registrar General & Census Commissioner, India","C-16: Population by Mother Tongue, India, 2011",2011,OFFICIAL_CENSUS_2011
mt_census_005018,005000,Gujarati,005018,Gujarati,False,55036204,28331451,26704753,32767517,22268687,"Office of the Registrar General & Census Commissioner, India","C-16: Population by Mother Tongue, India, 2011",2011,OFFICIAL_CENSUS_2011
mt_census_005019,005000,Gujarati,005019,Gujrao/Gujrau,False,15431,7915,7516,14626,805,"Office of the Registrar General & Census Commissioner, India","C-16: Population by Mother Tongue, India, 2011",2011,OFFICIAL_CENSUS_2011
mt_census_005052,005000,Gujarati,005052,Pattani,False,16510,8296,8214,15904,606,"Office of the Registrar General & Census Commissioner, India","C-16: Population by Mother Tongue, India, 2011",2011,OFFICIAL_CENSUS_2011
mt_census_005054,005000,Gujarati,005054,Ponchi,False,13812,7221,6591,7516,6296,"Office of the Registrar General & Census Commissioner, India","C-16: Population by Mother Tongue, India, 2011",2011,OFFICIAL_CENSUS_2011
mt_census_005057,005000,Gujarati,005057,Saurashtra/Saurashtri,False,247702,124776,122926,15888,231814,"Office of the Registrar General & Census Commissioner, India","C-16: Population by Mother Tongue, India, 2011",2011,OFFICIAL_CENSUS_2011
mt_census_005999,005000,Gujarati,005999,5 Others,True,162895,82383,80512,60045,102850,"Office of the Registrar General & Census Commissioner, India","C-16: Population by Mother Tongue, India, 2011",2011,OFFICIAL_CENSUS_2011
mt_census_006030,006000,Hindi,006030,Awadhi,False,3850906,1956073,1894833,3731591,119315,"Office of the Registrar General & Census Commissioner, India","C-16: Population by Mother Tongue, India, 2011",2011,OFFICIAL_CENSUS_2011
mt_census_006040,006000,Hindi,006040,Baghati/Baghati Pahari,False,15835,8141,7694,15128,707,"Office of the Registrar General & Census Commissioner, India","C-16: Population by Mother Tongue, India, 2011",2011,OFFICIAL_CENSUS_2011
mt_census_006042,006000,Hindi,006042,Bagheli/Baghel Khandi,False,2679129,1379891,1299238,2354669,324460,"Office of the Registrar General & Census Commissioner, India","C-16: Population by Mother Tongue, India, 2011",2011,OFFICIAL_CENSUS_2011
mt_census_006045,006000,Hindi,006045,Bagri Rajasthani,False,234227,123493,110734,206796,27431,"Office of the Registrar General & Census Commissioner, India","C-16: Population by Mother Tongue, India, 2011",2011,OFFICIAL_CENSUS_2011
mt_census_006066,006000,Hindi,006066,Banjari,False,1581271,823468,757803,1453870,127401,"Office of the Registrar General & Census Commissioner, India","C-16: Population by Mother Tongue, India, 2011",2011,OFFICIAL_CENSUS_2011
mt_census_006086,006000,Hindi,006086,Bhadrawahi,False,98806,50478,48328,90354,8452,"Office of the Registrar General & Census Commissioner, India","C-16: Population by Mother Tongue, India, 2011",2011,OFFICIAL_CENSUS_2011
mt_census_006089,006000,Hindi,006089,Bhagoria,False,20924,10299,10625,20841,83,"Office of the Registrar General & Census Commissioner, India","C-16: Population by Mother Tongue, India, 2011",2011,OFFICIAL_CENSUS_2011
mt_census_006096,006000,Hindi,006096,Bharmauri/Gaddi,False,181069,90634,90435,175505,5564,"Office of the Registrar General & Census Commissioner, India","C-16: Population by Mother Tongue, India, 2011",2011,OFFICIAL_CENSUS_2011
mt_census_006102,006000,Hindi,006102,Bhojpuri,False,50579447,26069236,24510211,45323817,5255630,"Office of the Registrar General & Census Commissioner, India","C-16: Population by Mother Tongue, India, 2011",2011,OFFICIAL_CENSUS_2011
mt_census_006119,006000,Hindi,006119,Bishnoi,False,12079,4978,7101,10521,1558,"Office of the Registrar General & Census Commissioner, India","C-16: Population by Mother Tongue, India, 2011",2011,OFFICIAL_CENSUS_2011
mt_census_006123,006000,Hindi,006123,Brajbhasha,False,1556314,840267,716047,1248175,308139,"Office of the Registrar General & Census Commissioner, India","C-16: Population by Mother Tongue, India, 2011",2011,OFFICIAL_CENSUS_2011
mt_census_006125,006000,Hindi,006125,Bundeli/Bundel khandi,False,5626356,2974600,2651756,4600216,1026140,"Office of the Registrar General & Census Commissioner, India","C-16: Population by Mother Tongue, India, 2011",2011,OFFICIAL_CENSUS_2011
mt_census_006133,006000,Hindi,006133,Chambeali/Chamrali,False,125746,62452,63294,107910,17836,"Office of the Registrar General & Census Commissioner, India","C-16: Population by Mother Tongue, India, 2011",2011,OFFICIAL_CENSUS_2011
mt_census_006142,006000,Hindi,006142,Chhattisgarhi,False,16245190,8119432,8125758,13461070,2784120,"Office of the Registrar General & Census Commissioner, India","C-16: Population by Mother Tongue, India, 2011",2011,OFFICIAL_CENSUS_2011
mt_census_006149,006000,Hindi,006149,Churahi,False,75552,38201,37351,75422,130,"Office of the Registrar General & Census Commissioner, India","C-16: Population by Mother Tongue, India, 2011",2011,OFFICIAL_CENSUS_2011
mt_census_006173,006000,Hindi,006173,Dhundhari,False,1476446,763128,713318,1196293,280153,"Office of the Registrar General & Census Commissioner, India","C-16: Population by Mother Tongue, India, 2011",2011,OFFICIAL_CENSUS_2011
mt_census_006195,006000,Hindi,006195,Garhwali,False,2482089,1198416,1283673,2004266,477823,"Office of the Registrar General & Census Commissioner, India","C-16: Population by Mother Tongue, India, 2011",2011,OFFICIAL_CENSUS_2011
mt_census_006198,006000,Hindi,006198,Gawari,False,19062,9963,9099,17400,1662,"Office of the Registrar General & Census Commissioner, India","C-16: Population by Mother Tongue, India, 2011",2011,OFFICIAL_CENSUS_2011
mt_census_006207,006000,Hindi,006207,Gojri/Gujjari/Gujar,False,1227901,640395,587506,1173849,54052,"Office of the Registrar General & Census Commissioner, India","C-16: Population by Mother Tongue, India, 2011",2011,OFFICIAL_CENSUS_2011
mt_census_006231,006000,Hindi,006231,Handuri,False,47803,24658,23145,42436,5367,"Office of the Registrar General & Census Commissioner, India","C-16: Population by Mother Tongue, India, 2011",2011,OFFICIAL_CENSUS_2011
mt_census_006232,006000,Hindi,006232,Hara/Harauti,False,2944356,1528163,1416193,2290012,654344,"Office of the Registrar General & Census Commissioner, India","C-16: Population by Mother Tongue, India, 2011",2011,OFFICIAL_CENSUS_2011
mt_census_006235,006000,Hindi,006235,Haryanvi,False,9806519,5216490,4590029,8147073,1659446,"Office of the Registrar General & Census Commissioner, India","C-16: Population by Mother Tongue, India, 2011",2011,OFFICIAL_CENSUS_2011
mt_census_006240,006000,Hindi,006240,Hindi,False,322230097,170506524,151723573,208823135,113406962,"Office of the Registrar General & Census Commissioner, India","C-16: Population by Mother Tongue, India, 2011",2011,OFFICIAL_CENSUS_2011
mt_census_006265,006000,Hindi,006265,Jaunpuri/Jaunsari,False,136779,71293,65486,130195,6584,"Office of the Registrar General & Census Commissioner, India","C-16: Population by Mother Tongue, India, 2011",2011,OFFICIAL_CENSUS_2011
mt_census_006291,006000,Hindi,006291,Kangri,False,1117342,547695,569647,1069044,48298,"Office of the Registrar General & Census Commissioner, India","C-16: Population by Mother Tongue, India, 2011",2011,OFFICIAL_CENSUS_2011
mt_census_006311,006000,Hindi,006311,Khari Boli,False,50195,26156,24039,40310,9885,"Office of the Registrar General & Census Commissioner, India","C-16: Population by Mother Tongue, India, 2011",2011,OFFICIAL_CENSUS_2011
mt_census_006320,006000,Hindi,006320,Khortha/Khotta,False,8038735,4138148,3900587,7094593,944142,"Office of the Registrar General & Census Commissioner, India","C-16: Population by Mother Tongue, India, 2011",2011,OFFICIAL_CENSUS_2011
mt_census_006336,006000,Hindi,006336,Kulvi,False,196295,99449,96846,185690,10605,"Office of the Registrar General & Census Commissioner, India","C-16: Population by Mother Tongue, India, 2011",2011,OFFICIAL_CENSUS_2011
mt_census_006340,006000,Hindi,006340,Kumauni,False,2081057,1012120,1068937,1774955,306102,"Office of the Registrar General & Census Commissioner, India","C-16: Population by Mother Tongue, India, 2011",2011,OFFICIAL_CENSUS_2011
mt_census_006345,006000,Hindi,006345,Kurmali Thar,False,311175,157107,154068,308621,2554,"Office of the Registrar General & Census Commissioner, India","C-16: Population by Mother Tongue, India, 2011",2011,OFFICIAL_CENSUS_2011
mt_census_006353,006000,Hindi,006353,Lamani/Lambadi,False,3276548,1677395,1599153,2930089,346459,"Office of the Registrar General & Census Commissioner, India","C-16: Population by Mother Tongue, India, 2011",2011,OFFICIAL_CENSUS_2011
mt_census_006355,006000,Hindi,006355,Laria,False,89876,44092,45784,86904,2972,"Office of the Registrar General & Census Commissioner, India","C-16: Population by Mother Tongue, India, 2011",2011,OFFICIAL_CENSUS_2011
mt_census_006358,006000,Hindi,006358,Lodhi,False,139180,69225,69955,132833,6347,"Office of the Registrar General & Census Commissioner, India","C-16: Population by Mother Tongue, India, 2011",2011,OFFICIAL_CENSUS_2011
mt_census_006376,006000,Hindi,006376,Magadhi/Magahi,False,12706825,6590948,6115877,10972770,1734055,"Office of the Registrar General & Census Commissioner, India","C-16: Population by Mother Tongue, India, 2011",2011,OFFICIAL_CENSUS_2011
mt_census_006391,006000,Hindi,006391,Malvi,False,5212617,2651647,2560970,4684735,527882,"Office of the Registrar General & Census Commissioner, India","C-16: Population by Mother Tongue, India, 2011",2011,OFFICIAL_CENSUS_2011
mt_census_006394,006000,Hindi,006394,Mandeali,False,622590,307327,315263,569835,52755,"Office of the Registrar General & Census Commissioner, India","C-16: Population by Mother Tongue, India, 2011",2011,OFFICIAL_CENSUS_2011
mt_census_006400,006000,Hindi,006400,Marwari,False,7831749,4065111,3766638,5436951,2394798,"Office of the Registrar General & Census Commissioner, India","C-16: Population by Mother Tongue, India, 2011",2011,OFFICIAL_CENSUS_2011
mt_census_006408,006000,Hindi,006408,Mewari,False,4212262,2125491,2086771,3681530,530732,"Office of the Registrar General & Census Commissioner, India","C-16: Population by Mother Tongue, India, 2011",2011,OFFICIAL_CENSUS_2011
mt_census_006409,006000,Hindi,006409,Mewati,False,856643,446446,410197,806240,50403,"Office of the Registrar General & Census Commissioner, India","C-16: Population by Mother Tongue, India, 2011",2011,OFFICIAL_CENSUS_2011
mt_census_006420,006000,Hindi,006420,Nagpuria,False,763014,384858,378156,680822,82192,"Office of the Registrar General & Census Commissioner, India","C-16: Population by Mother Tongue, India, 2011",2011,OFFICIAL_CENSUS_2011
mt_census_006432,006000,Hindi,006432,Nimadi,False,2309265,1178004,1131261,2074582,234683,"Office of the Registrar General & Census Commissioner, India","C-16: Population by Mother Tongue, India, 2011",2011,OFFICIAL_CENSUS_2011
mt_census_006438,006000,Hindi,006438,Padari,False,17279,9076,8203,17246,33,"Office of the Registrar General & Census Commissioner, India","C-16: Population by Mother Tongue, India, 2011",2011,OFFICIAL_CENSUS_2011
mt_census_006439,006000,Hindi,006439,Pahari,False,3253889,1651189,1602700,3001723,252166,"Office of the Registrar General & Census Commissioner, India","C-16: Population by Mother Tongue, India, 2011",2011,OFFICIAL_CENSUS_2011
mt_census_006449,006000,Hindi,006449,Palmuha,False,23579,11881,11698,23278,301,"Office of the Registrar General & Census Commissioner, India","C-16: Population by Mother Tongue, India, 2011",2011,OFFICIAL_CENSUS_2011
mt_census_006451,006000,Hindi,006451,Panch Pargania,False,244914,125800,119114,226645,18269,"Office of the Registrar General & Census Commissioner, India","C-16: Population by Mother Tongue, India, 2011",2011,OFFICIAL_CENSUS_2011
mt_census_006452,006000,Hindi,006452,Pando/Pandwani,False,15595,7971,7624,15146,449,"Office of the Registrar General & Census Commissioner, India","C-16: Population by Mother Tongue, India, 2011",2011,OFFICIAL_CENSUS_2011
mt_census_006454,006000,Hindi,006454,Pangwali,False,18668,9346,9322,18156,512,"Office of the Registrar General & Census Commissioner, India","C-16: Population by Mother Tongue, India, 2011",2011,OFFICIAL_CENSUS_2011
mt_census_006466,006000,Hindi,006466,Pawari/Powari,False,325772,162606,163166,313871,11901,"Office of the Registrar General & Census Commissioner, India","C-16: Population by Mother Tongue, India, 2011",2011,OFFICIAL_CENSUS_2011
mt_census_006476,006000,Hindi,006476,Puran/Puran Bhasha,False,12375,6220,6155,12210,165,"Office of the Registrar General & Census Commissioner, India","C-16: Population by Mother Tongue, India, 2011",2011,OFFICIAL_CENSUS_2011
mt_census_006489,006000,Hindi,006489,Rajasthani,False,25806344,13314254,12492090,20164599,5641745,"Office of the Registrar General & Census Commissioner, India","C-16: Population by Mother Tongue, India, 2011",2011,OFFICIAL_CENSUS_2011
mt_census_006503,006000,Hindi,006503,Sadan/Sadri,False,4345677,2180340,2165337,4045994,299683,"Office of the Registrar General & Census Commissioner, India","C-16: Population by Mother Tongue, India, 2011",2011,OFFICIAL_CENSUS_2011
mt_census_006530,006000,Hindi,006530,Sirmauri,False,107401,55113,52288,105752,1649,"Office of the Registrar General & Census Commissioner, India","C-16: Population by Mother Tongue, India, 2011",2011,OFFICIAL_CENSUS_2011
mt_census_006535,006000,Hindi,006535,Sondwari,False,229788,118221,111567,229032,756,"Office of the Registrar General & Census Commissioner, India","C-16: Population by Mother Tongue, India, 2011",2011,OFFICIAL_CENSUS_2011
mt_census_006541,006000,Hindi,006541,Sugali,False,170987,87078,83909,154358,16629,"Office of the Registrar General & Census Commissioner, India","C-16: Population by Mother Tongue, India, 2011",2011,OFFICIAL_CENSUS_2011
mt_census_006547,006000,Hindi,006547,Surgujia,False,1738256,873569,864687,1641682,96574,"Office of the Registrar General & Census Commissioner, India","C-16: Population by Mother Tongue, India, 2011",2011,OFFICIAL_CENSUS_2011
mt_census_006548,006000,Hindi,006548,Surjapuri,False,2256228,1165836,1090392,2214811,41417,"Office of the Registrar General & Census Commissioner, India","C-16: Population by Mother Tongue, India, 2011",2011,OFFICIAL_CENSUS_2011
mt_census_006999,006000,Hindi,006999,6 Others,True,16711170,8799795,7911375,15456650,1254520,"Office of the Registrar General & Census Commissioner, India","C-16: Population by Mother Tongue, India, 2011",2011,OFFICIAL_CENSUS_2011
mt_census_007002,007000,Kannada,007002,Badaga,False,133550,63780,69770,81090,52460,"Office of the Registrar General & Census Commissioner, India","C-16: Population by Mother Tongue, India, 2011",2011,OFFICIAL_CENSUS_2011
mt_census_007016,007000,Kannada,007016,Kannada,False,43506272,22014001,21492271,30614889,12891383,"Office of the Registrar General & Census Commissioner, India","C-16: Population by Mother Tongue, India, 2011",2011,OFFICIAL_CENSUS_2011
mt_census_007027,007000,Kannada,007027,Kuruba/Kurumba,False,24189,11881,12308,21295,2894,"Office of the Registrar General & Census Commissioner, India","C-16: Population by Mother Tongue, India, 2011",2011,OFFICIAL_CENSUS_2011
mt_census_007041,007000,Kannada,007041,Prakritha/Prakritha Bhasha,False,12257,6372,5885,2868,9389,"Office of the Registrar General & Census Commissioner, India","C-16: Population by Mother Tongue, India, 2011",2011,OFFICIAL_CENSUS_2011
mt_census_007999,007000,Kannada,007999,7 Others,True,30244,15258,14986,18661,11583,"Office of the Registrar General & Census Commissioner, India","C-16: Population by Mother Tongue, India, 2011",2011,OFFICIAL_CENSUS_2011
mt_census_008005,008000,Kashmiri,008005,Kashmiri,False,6554369,3380350,3174019,4372791,2181578,"Office of the Registrar General & Census Commissioner, India","C-16: Population by Mother Tongue, India, 2011",2011,OFFICIAL_CENSUS_2011
mt_census_008010,008000,Kashmiri,008010,Kishtwari,False,39748,20415,19333,36596,3152,"Office of the Registrar General & Census Commissioner, India","C-16: Population by Mother Tongue, India, 2011",2011,OFFICIAL_CENSUS_2011
mt_census_008018,008000,Kashmiri,008018,Siraji,False,124896,63823,61073,119507,5389,"Office of the Registrar General & Census Commissioner, India","C-16: Population by Mother Tongue, India, 2011",2011,OFFICIAL_CENSUS_2011
mt_census_008019,008000,Kashmiri,008019,Dardi,False,25600,13544,12056,24219,1381,"Office of the Registrar General & Census Commissioner, India","C-16: Population by Mother Tongue, India, 2011",2011,OFFICIAL_CENSUS_2011
mt_census_008999,008000,Kashmiri,008999,8 Others,True,52974,27407,25567,52009,965,"Office of the Registrar General & Census Commissioner, India","C-16: Population by Mother Tongue, India, 2011",2011,OFFICIAL_CENSUS_2011
mt_census_009011,009000,Konkani,009011,Konkani,False,2146906,1048165,1098741,876124,1270782,"Office of the Registrar General & Census Commissioner, India","C-16: Population by Mother Tongue, India, 2011",2011,OFFICIAL_CENSUS_2011
mt_census_009013,009000,Konkani,009013,Kudubi/Kudumbi,False,17209,8648,8561,15910,1299,"Office of the Registrar General & Census Commissioner, India","C-16: Population by Mother Tongue, India, 2011",2011,OFFICIAL_CENSUS_2011
mt_census_009016,009000,Konkani,009016,Malwani,False,23617,11664,11953,19695,3922,"Office of the Registrar General & Census Commissioner, India","C-16: Population by Mother Tongue, India, 2011",2011,OFFICIAL_CENSUS_2011
mt_census_009020,009000,Konkani,009020,Nawait,False,13123,6290,6833,7128,5995,"Office of the Registrar General & Census Commissioner, India","C-16: Population by Mother Tongue, India, 2011",2011,OFFICIAL_CENSUS_2011
mt_census_009028,009000,Konkani,009028,Gorboli/Goru/Gorwani,False,50259,27016,23243,48927,1332,"Office of the Registrar General & Census Commissioner, India","C-16: Population by Mother Tongue, India, 2011",2011,OFFICIAL_CENSUS_2011
mt_census_009999,009000,Konkani,009999,9 Others,True,5388,2804,2584,2447,2941,"Office of the Registrar General & Census Commissioner, India","C-16: Population by Mother Tongue, India, 2011",2011,OFFICIAL_CENSUS_2011
mt_census_010008,010000,Maithili,010008,Maithili,False,13353347,6992706,6360641,12311098,1042249,"Office of the Registrar General & Census Commissioner, India","C-16: Population by Mother Tongue, India, 2011",2011,OFFICIAL_CENSUS_2011
mt_census_010011,010000,Maithili,010011,Purbi Maithili,False,11116,5728,5388,7994,3122,"Office of the Registrar General & Census Commissioner, India","C-16: Population by Mother Tongue, India, 2011",2011,OFFICIAL_CENSUS_2011
mt_census_010013,010000,Maithili,010013,Thati,False,165420,86606,78814,143006,22414,"Office of the Registrar General & Census Commissioner, India","C-16: Population by Mother Tongue, India, 2011",2011,OFFICIAL_CENSUS_2011
mt_census_010014,010000,Maithili,010014,Tharu,False,53575,27012,26563,51645,1930,"Office of the Registrar General & Census Commissioner, India","C-16: Population by Mother Tongue, India, 2011",2011,OFFICIAL_CENSUS_2011
mt_census_010999,010000,Maithili,010999,10 Others,True,6,4,2,2,4,"Office of the Registrar General & Census Commissioner, India","C-16: Population by Mother Tongue, India, 2011",2011,OFFICIAL_CENSUS_2011
mt_census_011016,011000,Malayalam,011016,Malayalam,False,34776533,16681977,18094556,17355542,17420991,"Office of the Registrar General & Census Commissioner, India","C-16: Population by Mother Tongue, India, 2011",2011,OFFICIAL_CENSUS_2011
mt_census_011023,011000,Malayalam,011023,Pania,False,22808,11015,11793,19391,3417,"Office of the Registrar General & Census Commissioner, India","C-16: Population by Mother Tongue, India, 2011",2011,OFFICIAL_CENSUS_2011
mt_census_011026,011000,Malayalam,011026,Yerava,False,26563,13019,13544,25905,658,"Office of the Registrar General & Census Commissioner, India","C-16: Population by Mother Tongue, India, 2011",2011,OFFICIAL_CENSUS_2011
mt_census_011999,011000,Malayalam,011999,11 Others,True,12915,6373,6542,10245,2670,"Office of the Registrar General & Census Commissioner, India","C-16: Population by Mother Tongue, India, 2011",2011,OFFICIAL_CENSUS_2011
mt_census_012003,012000,Manipuri,012003,Manipuri,False,1760913,875852,885061,1001516,759397,"Office of the Registrar General & Census Commissioner, India","C-16: Population by Mother Tongue, India, 2011",2011,OFFICIAL_CENSUS_2011
mt_census_012999,012000,Manipuri,012999,12 Others,True,166,91,75,50,116,"Office of the Registrar General & Census Commissioner, India","C-16: Population by Mother Tongue, India, 2011",2011,OFFICIAL_CENSUS_2011
mt_census_013004,013000,Marathi,013004,Are,False,53879,26763,27116,49358,4521,"Office of the Registrar General & Census Commissioner, India","C-16: Population by Mother Tongue, India, 2011",2011,OFFICIAL_CENSUS_2011
mt_census_013060,013000,Marathi,013060,Koli,False,13809,6990,6819,6070,7739,"Office of the Registrar General & Census Commissioner, India","C-16: Population by Mother Tongue, India, 2011",2011,OFFICIAL_CENSUS_2011
mt_census_013071,013000,Marathi,013071,Marathi,False,82801140,42453408,40347732,52517198,30283942,"Office of the Registrar General & Census Commissioner, India","C-16: Population by Mother Tongue, India, 2011",2011,OFFICIAL_CENSUS_2011
mt_census_013999,013000,Marathi,013999,13 Others,True,157852,78642,79210,124831,33021,"Office of the Registrar General & Census Commissioner, India","C-16: Population by Mother Tongue, India, 2011",2011,OFFICIAL_CENSUS_2011
mt_census_014011,014000,Nepali,014011,Nepali,False,2925796,1523833,1401963,2009222,916574,"Office of the Registrar General & Census Commissioner, India","C-16: Population by Mother Tongue, India, 2011",2011,OFFICIAL_CENSUS_2011
mt_census_014999,014000,Nepali,014999,14 Others,True,372,196,176,257,115,"Office of the Registrar General & Census Commissioner, India","C-16: Population by Mother Tongue, India, 2011",2011,OFFICIAL_CENSUS_2011
mt_census_015006,015000,Odia,015006,Bhatri,False,334258,164972,169286,320636,13622,"Office of the Registrar General & Census Commissioner, India","C-16: Population by Mother Tongue, India, 2011",2011,OFFICIAL_CENSUS_2011
mt_census_015007,015000,Odia,015007,Bhuiya/Bhuyan[Ori],False,32126,15767,16359,31288,838,"Office of the Registrar General & Census Commissioner, India","C-16: Population by Mother Tongue, India, 2011",2011,OFFICIAL_CENSUS_2011
mt_census_015010,015000,Odia,015010,Bhumijali,False,34651,17278,17373,33136,1515,"Office of the Registrar General & Census Commissioner, India","C-16: Population by Mother Tongue, India, 2011",2011,OFFICIAL_CENSUS_2011
mt_census_015014,015000,Odia,015014,Desia,False,227313,110563,116750,221115,6198,"Office of the Registrar General & Census Commissioner, India","C-16: Population by Mother Tongue, India, 2011",2011,OFFICIAL_CENSUS_2011
mt_census_015043,015000,Odia,015043,Odia,False,34059266,17368096,16691170,27853540,6205726,"Office of the Registrar General & Census Commissioner, India","C-16: Population by Mother Tongue, India, 2011",2011,OFFICIAL_CENSUS_2011
mt_census_015051,015000,Odia,015051,Proja (Ori),False,156354,75412,80942,149229,7125,"Office of the Registrar General & Census Commissioner, India","C-16: Population by Mother Tongue, India, 2011",2011,OFFICIAL_CENSUS_2011
mt_census_015055,015000,Odia,015055,Relli,False,12969,6373,6596,5086,7883,"Office of the Registrar General & Census Commissioner, India","C-16: Population by Mother Tongue, India, 2011",2011,OFFICIAL_CENSUS_2011
mt_census_015058,015000,Odia,015058,Sambalpuri,False,2630381,1327739,1302642,2374002,256379,"Office of the Registrar General & Census Commissioner, India","C-16: Population by Mother Tongue, India, 2011",2011,OFFICIAL_CENSUS_2011
mt_census_015999,015000,Odia,015999,15 Others,True,34006,17104,16902,27754,6252,"Office of the Registrar General & Census Commissioner, India","C-16: Population by Mother Tongue, India, 2011",2011,OFFICIAL_CENSUS_2011
mt_census_016002,016000,Punjabi,016002,Bagri,False,1656588,859167,797421,1496985,159603,"Office of the Registrar General & Census Commissioner, India","C-16: Population by Mother Tongue, India, 2011",2011,OFFICIAL_CENSUS_2011
mt_census_016005,016000,Punjabi,016005,Bhateali,False,23970,12222,11748,23723,247,"Office of the Registrar General & Census Commissioner, India","C-16: Population by Mother Tongue, India, 2011",2011,OFFICIAL_CENSUS_2011
mt_census_016006,016000,Punjabi,016006,Bilaspuri Kahluri,False,295805,151739,144066,278437,17368,"Office of the Registrar General & Census Commissioner, India","C-16: Population by Mother Tongue, India, 2011",2011,OFFICIAL_CENSUS_2011
mt_census_016038,016000,Punjabi,016038,Punjabi,False,31144095,16315572,14828523,19526343,11617752,"Office of the Registrar General & Census Commissioner, India","C-16: Population by Mother Tongue, India, 2011",2011,OFFICIAL_CENSUS_2011
mt_census_016999,016000,Punjabi,016999,16 Others,True,4268,2231,2037,2835,1433,"Office of the Registrar General & Census Commissioner, India","C-16: Population by Mother Tongue, India, 2011",2011,OFFICIAL_CENSUS_2011
mt_census_017002,017000,Sanskrit,017002,Sanskrit,False,24709,13582,11127,10873,13836,"Office of the Registrar General & Census Commissioner, India","C-16: Population by Mother Tongue, India, 2011",2011,OFFICIAL_CENSUS_2011
mt_census_017999,017000,Sanskrit,017999,17 Others,True,112,54,58,35,77,"Office of the Registrar General & Census Commissioner, India","C-16: Population by Mother Tongue, India, 2011",2011,OFFICIAL_CENSUS_2011
mt_census_018010,018000,Santali,018010,Karmali,False,358579,183154,175425,339055,19524,"Office of the Registrar General & Census Commissioner, India","C-16: Population by Mother Tongue, India, 2011",2011,OFFICIAL_CENSUS_2011
mt_census_018011,018000,Santali,018011,Mahili,False,26399,13177,13222,24569,1830,"Office of the Registrar General & Census Commissioner, India","C-16: Population by Mother Tongue, India, 2011",2011,OFFICIAL_CENSUS_2011
mt_census_018040,018000,Santali,018040,Santali,False,6973345,3477630,3495715,6607947,365398,"Office of the Registrar General & Census Commissioner, India","C-16: Population by Mother Tongue, India, 2011",2011,OFFICIAL_CENSUS_2011
mt_census_018999,018000,Santali,018999,18 Others,True,9869,5008,4861,9364,505,"Office of the Registrar General & Census Commissioner, India","C-16: Population by Mother Tongue, India, 2011",2011,OFFICIAL_CENSUS_2011
mt_census_019002,019000,Sindhi,019002,Bhatia,False,22409,11425,10984,21789,620,"Office of the Registrar General & Census Commissioner, India","C-16: Population by Mother Tongue, India, 2011",2011,OFFICIAL_CENSUS_2011
mt_census_019008,019000,Sindhi,019008,Kachchhi,False,1030602,522998,507604,579667,450935,"Office of the Registrar General & Census Commissioner, India","C-16: Population by Mother Tongue, India, 2011",2011,OFFICIAL_CENSUS_2011
mt_census_019014,019000,Sindhi,019014,Sindhi,False,1679246,856719,822527,155615,1523631,"Office of the Registrar General & Census Commissioner, India","C-16: Population by Mother Tongue, India, 2011",2011,OFFICIAL_CENSUS_2011
mt_census_019999,019000,Sindhi,019999,19 Others,True,40007,20959,19048,38065,1942,"Office of the Registrar General & Census Commissioner, India","C-16: Population by Mother Tongue, India, 2011",2011,OFFICIAL_CENSUS_2011
mt_census_020006,020000,Tamil,020006,Irula/Irular Mozhi,False,11870,5850,6020,11297,573,"Office of the Registrar General & Census Commissioner, India","C-16: Population by Mother Tongue, India, 2011",2011,OFFICIAL_CENSUS_2011
mt_census_020009,020000,Tamil,020009,Kaikadi,False,25870,12931,12939,9948,15922,"Office of the Registrar General & Census Commissioner, India","C-16: Population by Mother Tongue, India, 2011",2011,OFFICIAL_CENSUS_2011
mt_census_020015,020000,Tamil,020015,Korava,False,10421,5220,5201,5492,4929,"Office of the Registrar General & Census Commissioner, India","C-16: Population by Mother Tongue, India, 2011",2011,OFFICIAL_CENSUS_2011
mt_census_020027,020000,Tamil,020027,Tamil,False,68888839,34531580,34357259,35530671,33358168,"Office of the Registrar General & Census Commissioner, India","C-16: Population by Mother Tongue, India, 2011",2011,OFFICIAL_CENSUS_2011
mt_census_020029,020000,Tamil,020029,Yerukala/Yerukula,False,58065,29031,29034,39475,18590,"Office of the Registrar General & Census Commissioner, India","C-16: Population by Mother Tongue, India, 2011",2011,OFFICIAL_CENSUS_2011
mt_census_020999,020000,Tamil,020999,20 Others,True,31816,16078,15738,30707,1109,"Office of the Registrar General & Census Commissioner, India","C-16: Population by Mother Tongue, India, 2011",2011,OFFICIAL_CENSUS_2011
mt_census_021046,021000,Telugu,021046,Telugu,False,80912459,40549767,40362692,53738513,27173946,"Office of the Registrar General & Census Commissioner, India","C-16: Population by Mother Tongue, India, 2011",2011,OFFICIAL_CENSUS_2011
mt_census_021048,021000,Telugu,021048,Vadari,False,198020,99923,98097,96722,101298,"Office of the Registrar General & Census Commissioner, India","C-16: Population by Mother Tongue, India, 2011",2011,OFFICIAL_CENSUS_2011
mt_census_021999,021000,Telugu,021999,21 Others,True,17261,8849,8412,9866,7395,"Office of the Registrar General & Census Commissioner, India","C-16: Population by Mother Tongue, India, 2011",2011,OFFICIAL_CENSUS_2011
mt_census_022015,022000,Urdu,022015,Urdu,False,50725762,26156072,24569690,21091404,29634358,"Office of the Registrar General & Census Commissioner, India","C-16: Population by Mother Tongue, India, 2011",2011,OFFICIAL_CENSUS_2011
mt_census_022016,022000,Urdu,022016,Bhansari,False,22806,11719,11087,21174,1632,"Office of the Registrar General & Census Commissioner, India","C-16: Population by Mother Tongue, India, 2011",2011,OFFICIAL_CENSUS_2011
mt_census_022999,022000,Urdu,022999,22 Others,True,24063,12690,11373,14810,9253,"Office of the Registrar General & Census Commissioner, India","C-16: Population by Mother Tongue, India, 2011",2011,OFFICIAL_CENSUS_2011
mt_census_023003,023000,Adi,023003,Adi,False,110307,54699,55608,92314,17993,"Office of the Registrar General & Census Commissioner, India","C-16: Population by Mother Tongue, India, 2011",2011,OFFICIAL_CENSUS_2011
mt_census_023006,023000,Adi,023006,Adi Gallong/Gallong,False,29246,14412,14834,24158,5088,"Office of the Registrar General & Census Commissioner, India","C-16: Population by Mother Tongue, India, 2011",2011,OFFICIAL_CENSUS_2011
mt_census_023010,023000,Adi,023010,Adi Miniyong/Miniyong,False,13344,6651,6693,10268,3076,"Office of the Registrar General & Census Commissioner, India","C-16: Population by Mother Tongue, India, 2011",2011,OFFICIAL_CENSUS_2011
mt_census_023040,023000,Adi,023040,Talgalo,False,69256,34158,35098,50273,18983,"Office of the Registrar General & Census Commissioner, India","C-16: Population by Mother Tongue, India, 2011",2011,OFFICIAL_CENSUS_2011
mt_census_023999,023000,Adi,023999,23 Others,True,26681,13230,13451,22929,3752,"Office of the Registrar General & Census Commissioner, India","C-16: Population by Mother Tongue, India, 2011",2011,OFFICIAL_CENSUS_2011
mt_census_024001,024000,Afghani/Kabuli/Pashto,024001,Afghani/Kabuli/Pashto,False,21433,11406,10027,13254,8179,"Office of the Registrar General & Census Commissioner, India","C-16: Population by Mother Tongue, India, 2011",2011,OFFICIAL_CENSUS_2011
mt_census_024999,024000,Afghani/Kabuli/Pashto,024999,24 Others,True,244,151,93,177,67,"Office of the Registrar General & Census Commissioner, India","C-16: Population by Mother Tongue, India, 2011",2011,OFFICIAL_CENSUS_2011
mt_census_025001,025000,Anal,025001,Anal,False,24301,11859,12442,23370,931,"Office of the Registrar General & Census Commissioner, India","C-16: Population by Mother Tongue, India, 2011",2011,OFFICIAL_CENSUS_2011
mt_census_025999,025000,Anal,025999,25 Others,True,2916,1347,1569,2788,128,"Office of the Registrar General & Census Commissioner, India","C-16: Population by Mother Tongue, India, 2011",2011,OFFICIAL_CENSUS_2011
mt_census_026002,026000,Angami,026002,Angami,False,40721,19943,20778,25814,14907,"Office of the Registrar General & Census Commissioner, India","C-16: Population by Mother Tongue, India, 2011",2011,OFFICIAL_CENSUS_2011
mt_census_026999,026000,Angami,026999,26 Others,True,112075,54904,57171,72721,39354,"Office of the Registrar General & Census Commissioner, India","C-16: Population by Mother Tongue, India, 2011",2011,OFFICIAL_CENSUS_2011
mt_census_027001,027000,Ao,027001,Ao,False,119549,59413,60136,47156,72393,"Office of the Registrar General & Census Commissioner, India","C-16: Population by Mother Tongue, India, 2011",2011,OFFICIAL_CENSUS_2011
mt_census_027003,027000,Ao,027003,Chungli,False,70782,35943,34839,59652,11130,"Office of the Registrar General & Census Commissioner, India","C-16: Population by Mother Tongue, India, 2011",2011,OFFICIAL_CENSUS_2011
mt_census_027005,027000,Ao,027005,Mongsen,False,69094,34787,34307,64277,4817,"Office of the Registrar General & Census Commissioner, India","C-16: Population by Mother Tongue, India, 2011",2011,OFFICIAL_CENSUS_2011
mt_census_027999,027000,Ao,027999,27 Others,True,583,312,271,290,293,"Office of the Registrar General & Census Commissioner, India","C-16: Population by Mother Tongue, India, 2011",2011,OFFICIAL_CENSUS_2011
mt_census_028001,028000,Arabic/Arbi,028001,Arabic/Arbi,False,54871,29899,24972,38979,15892,"Office of the Registrar General & Census Commissioner, India","C-16: Population by Mother Tongue, India, 2011",2011,OFFICIAL_CENSUS_2011
mt_census_028999,028000,Arabic/Arbi,028999,28 Others,True,76,39,37,72,4,"Office of the Registrar General & Census Commissioner, India","C-16: Population by Mother Tongue, India, 2011",2011,OFFICIAL_CENSUS_2011
mt_census_029002,029000,Balti,029002,Balti,False,13654,7088,6566,12126,1528,"Office of the Registrar General & Census Commissioner, India","C-16: Population by Mother Tongue, India, 2011",2011,OFFICIAL_CENSUS_2011
mt_census_029999,029000,Balti,029999,29 Others,True,120,64,56,108,12,"Office of the Registrar General & Census Commissioner, India","C-16: Population by Mother Tongue, India, 2011",2011,OFFICIAL_CENSUS_2011
mt_census_030002,030000,Bhili/Bhilodi,030002,Baori,False,63028,32595,30433,60086,2942,"Office of the Registrar General & Census Commissioner, India","C-16: Population by Mother Tongue, India, 2011",2011,OFFICIAL_CENSUS_2011
mt_census_030003,030000,Bhili/Bhilodi,030003,Barel,False,991257,497069,494188,976087,15170,"Office of the Registrar General & Census Commissioner, India","C-16: Population by Mother Tongue, India, 2011",2011,OFFICIAL_CENSUS_2011
mt_census_030006,030000,Bhili/Bhilodi,030006,Bhilali,False,753466,375317,378149,742835,10631,"Office of the Registrar General & Census Commissioner, India","C-16: Population by Mother Tongue, India, 2011",2011,OFFICIAL_CENSUS_2011
mt_census_030007,030000,Bhili/Bhilodi,030007,Bhili/Bhilodi,False,3206533,1603959,1602574,3109044,97489,"Office of the Registrar General & Census Commissioner, India","C-16: Population by Mother Tongue, India, 2011",2011,OFFICIAL_CENSUS_2011
mt_census_030011,030000,Bhili/Bhilodi,030011,Chodhari,False,110570,54535,56035,109809,761,"Office of the Registrar General & Census Commissioner, India","C-16: Population by Mother Tongue, India, 2011",2011,OFFICIAL_CENSUS_2011
mt_census_030015,030000,Bhili/Bhilodi,030015,Dhodia,False,49097,24267,24830,40734,8363,"Office of the Registrar General & Census Commissioner, India","C-16: Population by Mother Tongue, India, 2011",2011,OFFICIAL_CENSUS_2011
mt_census_030020,030000,Bhili/Bhilodi,030020,Gamti/Gavit,False,139118,68807,70311,134071,5047,"Office of the Registrar General & Census Commissioner, India","C-16: Population by Mother Tongue, India, 2011",2011,OFFICIAL_CENSUS_2011
mt_census_030021,030000,Bhili/Bhilodi,030021,Garasia,False,76749,38516,38233,73711,3038,"Office of the Registrar General & Census Commissioner, India","C-16: Population by Mother Tongue, India, 2011",2011,OFFICIAL_CENSUS_2011
mt_census_030035,030000,Bhili/Bhilodi,030035,Kokna/Kokni/Kukna,False,416787,207960,208827,328489,88298,"Office of the Registrar General & Census Commissioner, India","C-16: Population by Mother Tongue, India, 2011",2011,OFFICIAL_CENSUS_2011
mt_census_030049,030000,Bhili/Bhilodi,030049,Mawchi,False,98486,48886,49600,94554,3932,"Office of the Registrar General & Census Commissioner, India","C-16: Population by Mother Tongue, India, 2011",2011,OFFICIAL_CENSUS_2011
mt_census_030066,030000,Bhili/Bhilodi,030066,Paradhi,False,69085,34555,34530,52459,16626,"Office of the Registrar General & Census Commissioner, India","C-16: Population by Mother Tongue, India, 2011",2011,OFFICIAL_CENSUS_2011
mt_census_030068,030000,Bhili/Bhilodi,030068,Pawri,False,311677,157986,153691,304283,7394,"Office of the Registrar General & Census Commissioner, India","C-16: Population by Mother Tongue, India, 2011",2011,OFFICIAL_CENSUS_2011
mt_census_030070,030000,Bhili/Bhilodi,030070,Rathi,False,47801,26402,21399,47139,662,"Office of the Registrar General & Census Commissioner, India","C-16: Population by Mother Tongue, India, 2011",2011,OFFICIAL_CENSUS_2011
mt_census_030073,030000,Bhili/Bhilodi,030073,Tadavi,False,52347,26519,25828,46712,5635,"Office of the Registrar General & Census Commissioner, India","C-16: Population by Mother Tongue, India, 2011",2011,OFFICIAL_CENSUS_2011
mt_census_030075,030000,Bhili/Bhilodi,030075,Varli,False,387481,191372,196109,376368,11113,"Office of the Registrar General & Census Commissioner, India","C-16: Population by Mother Tongue, India, 2011",2011,OFFICIAL_CENSUS_2011
mt_census_030076,030000,Bhili/Bhilodi,030076,Vasava,False,187036,92887,94149,184411,2625,"Office of the Registrar General & Census Commissioner, India","C-16: Population by Mother Tongue, India, 2011",2011,OFFICIAL_CENSUS_2011
mt_census_030078,030000,Bhili/Bhilodi,030078,Wagdi,False,3393991,1711046,1682945,3271914,122077,"Office of the Registrar General & Census Commissioner, India","C-16: Population by Mother Tongue, India, 2011",2011,OFFICIAL_CENSUS_2011
mt_census_030999,030000,Bhili/Bhilodi,030999,30 Others,True,59128,30313,28815,52019,7109,"Office of the Registrar General & Census Commissioner, India","C-16: Population by Mother Tongue, India, 2011",2011,OFFICIAL_CENSUS_2011
mt_census_031001,031000,Bhotia,031001,Bhotia,False,120583,59579,61004,94139,26444,"Office of the Registrar General & Census Commissioner, India","C-16: Population by Mother Tongue, India, 2011",2011,OFFICIAL_CENSUS_2011
mt_census_031011,031000,Bhotia,031011,Bauti,False,100000,49265,50735,76946,23054,"Office of the Registrar General & Census Commissioner, India","C-16: Population by Mother Tongue, India, 2011",2011,OFFICIAL_CENSUS_2011
mt_census_031999,031000,Bhotia,031999,31 Others,True,9371,4782,4589,7475,1896,"Office of the Registrar General & Census Commissioner, India","C-16: Population by Mother Tongue, India, 2011",2011,OFFICIAL_CENSUS_2011
mt_census_032002,032000,Bhumij,032002,Bhumij,False,10190,5085,5105,9500,690,"Office of the Registrar General & Census Commissioner, India","C-16: Population by Mother Tongue, India, 2011",2011,OFFICIAL_CENSUS_2011
mt_census_032999,032000,Bhumij,032999,32 Others,True,17316,8788,8528,16314,1002,"Office of the Registrar General & Census Commissioner, India","C-16: Population by Mother Tongue, India, 2011",2011,OFFICIAL_CENSUS_2011
mt_census_033003,033000,Bishnupuriya,033003,Bishnupriya Manipuri/Manipuri Bishnupriya,False,74069,36945,37124,64302,9767,"Office of the Registrar General & Census Commissioner, India","C-16: Population by Mother Tongue, India, 2011",2011,OFFICIAL_CENSUS_2011
mt_census_033999,033000,Bishnupuriya,033999,33 Others,True,5577,2817,2760,4558,1019,"Office of the Registrar General & Census Commissioner, India","C-16: Population by Mother Tongue, India, 2011",2011,OFFICIAL_CENSUS_2011
mt_census_034001,034000,Chakhesang,034001,Chakhesang,False,19846,10171,9675,12177,7669,"Office of the Registrar General & Census Commissioner, India","C-16: Population by Mother Tongue, India, 2011",2011,OFFICIAL_CENSUS_2011
mt_census_035001,035000,Chakru/Chokri,035001,Chakru/Chokri,False,91216,46143,45073,77622,13594,"Office of the Registrar General & Census Commissioner, India","C-16: Population by Mother Tongue, India, 2011",2011,OFFICIAL_CENSUS_2011
mt_census_036001,036000,Chang,036001,Chang,False,66852,34533,32319,49053,17799,"Office of the Registrar General & Census Commissioner, India","C-16: Population by Mother Tongue, India, 2011",2011,OFFICIAL_CENSUS_2011
mt_census_037001,037000,Coorgi/Kodagu,037001,Coorgi/Kodagu,False,16939,8290,8649,2730,14209,"Office of the Registrar General & Census Commissioner, India","C-16: Population by Mother Tongue, India, 2011",2011,OFFICIAL_CENSUS_2011
mt_census_037003,037000,Coorgi/Kodagu,037003,Kodava,False,96918,47826,49092,75728,21190,"Office of the Registrar General & Census Commissioner, India","C-16: Population by Mother Tongue, India, 2011",2011,OFFICIAL_CENSUS_2011
mt_census_038001,038000,Deori,038001,Deori,False,32376,16234,16142,30286,2090,"Office of the Registrar General & Census Commissioner, India","C-16: Population by Mother Tongue, India, 2011",2011,OFFICIAL_CENSUS_2011
mt_census_039002,039000,Dimasa,039002,Dimasa,False,133327,66777,66550,119065,14262,"Office of the Registrar General & Census Commissioner, India","C-16: Population by Mother Tongue, India, 2011",2011,OFFICIAL_CENSUS_2011
mt_census_039999,039000,Dimasa,039999,39 Others,True,3857,1936,1921,3664,193,"Office of the Registrar General & Census Commissioner, India","C-16: Population by Mother Tongue, India, 2011",2011,OFFICIAL_CENSUS_2011
mt_census_040001,040000,English,040001,English,False,259678,129115,130563,36985,222693,"Office of the Registrar General & Census Commissioner, India","C-16: Population by Mother Tongue, India, 2011",2011,OFFICIAL_CENSUS_2011
mt_census_041001,041000,Gadaba,041001,Gadaba,False,40965,19698,21267,39697,1268,"Office of the Registrar General & Census Commissioner, India","C-16: Population by Mother Tongue, India, 2011",2011,OFFICIAL_CENSUS_2011
mt_census_041999,041000,Gadaba,041999,41 Others,True,11,6,5,1,10,"Office of the Registrar General & Census Commissioner, India","C-16: Population by Mother Tongue, India, 2011",2011,OFFICIAL_CENSUS_2011
mt_census_042001,042000,Gangte,042001,Gangte,False,16542,8389,8153,14526,2016,"Office of the Registrar General & Census Commissioner, India","C-16: Population by Mother Tongue, India, 2011",2011,OFFICIAL_CENSUS_2011
mt_census_043005,043000,Garo,043005,Garo,False,1125359,566507,558852,1004106,121253,"Office of the Registrar General & Census Commissioner, India","C-16: Population by Mother Tongue, India, 2011",2011,OFFICIAL_CENSUS_2011
mt_census_043999,043000,Garo,043999,43 Others,True,19964,10021,9943,18536,1428,"Office of the Registrar General & Census Commissioner, India","C-16: Population by Mother Tongue, India, 2011",2011,OFFICIAL_CENSUS_2011
mt_census_044002,044000,Gondi,044002,Dorli,False,47701,23690,24011,44769,2932,"Office of the Registrar General & Census Commissioner, India","C-16: Population by Mother Tongue, India, 2011",2011,OFFICIAL_CENSUS_2011
mt_census_044007,044000,Gondi,044007,Gondi,False,2856581,1412226,1444355,2751694,104887,"Office of the Registrar General & Census Commissioner, India","C-16: Population by Mother Tongue, India, 2011",2011,OFFICIAL_CENSUS_2011
mt_census_044013,044000,Gondi,044013,Kalari,False,26769,13358,13411,25711,1058,"Office of the Registrar General & Census Commissioner, India","C-16: Population by Mother Tongue, India, 2011",2011,OFFICIAL_CENSUS_2011
mt_census_044017,044000,Gondi,044017,Maria/ Muria,False,15864,7825,8039,15427,437,"Office of the Registrar General & Census Commissioner, India","C-16: Population by Mother Tongue, India, 2011",2011,OFFICIAL_CENSUS_2011
mt_census_044999,044000,Gondi,044999,44 Others,True,37538,19075,18463,33090,4448,"Office of the Registrar General & Census Commissioner, India","C-16: Population by Mother Tongue, India, 2011",2011,OFFICIAL_CENSUS_2011
mt_census_045001,045000,Halabi,045001,Halabi,False,765464,376440,389024,690605,74859,"Office of the Registrar General & Census Commissioner, India","C-16: Population by Mother Tongue, India, 2011",2011,OFFICIAL_CENSUS_2011
mt_census_045999,045000,Halabi,045999,45 Others,True,833,441,392,761,72,"Office of the Registrar General & Census Commissioner, India","C-16: Population by Mother Tongue, India, 2011",2011,OFFICIAL_CENSUS_2011
mt_census_046003,046000,Halam,046003,Halam,False,26534,13382,13152,24052,2482,"Office of the Registrar General & Census Commissioner, India","C-16: Population by Mother Tongue, India, 2011",2011,OFFICIAL_CENSUS_2011
mt_census_046999,046000,Halam,046999,46 Others,True,12381,6285,6096,12034,347,"Office of the Registrar General & Census Commissioner, India","C-16: Population by Mother Tongue, India, 2011",2011,OFFICIAL_CENSUS_2011
mt_census_047001,047000,Hmar,047001,Hmar,False,98988,49558,49430,78693,20295,"Office of the Registrar General & Census Commissioner, India","C-16: Population by Mother Tongue, India, 2011",2011,OFFICIAL_CENSUS_2011
mt_census_048004,048000,Ho,048004,Ho,False,1410996,698250,712746,1295556,115440,"Office of the Registrar General & Census Commissioner, India","C-16: Population by Mother Tongue, India, 2011",2011,OFFICIAL_CENSUS_2011
mt_census_048007,048000,Ho,048007,Lohara,False,10422,5288,5134,9260,1162,"Office of the Registrar General & Census Commissioner, India","C-16: Population by Mother Tongue, India, 2011",2011,OFFICIAL_CENSUS_2011
mt_census_049002,049000,Jatapu,049002,Jatapu,False,19990,9516,10474,19940,50,"Office of the Registrar General & Census Commissioner, India","C-16: Population by Mother Tongue, India, 2011",2011,OFFICIAL_CENSUS_2011
mt_census_049999,049000,Jatapu,049999,49 Others,True,38,19,19,20,18,"Office of the Registrar General & Census Commissioner, India","C-16: Population by Mother Tongue, India, 2011",2011,OFFICIAL_CENSUS_2011
mt_census_050001,050000,Juang,050001,Juang,False,30378,14889,15489,30274,104,"Office of the Registrar General & Census Commissioner, India","C-16: Population by Mother Tongue, India, 2011",2011,OFFICIAL_CENSUS_2011
mt_census_051003,051000,Kabui,051003,Kabui,False,54220,26869,27351,38390,15830,"Office of the Registrar General & Census Commissioner, India","C-16: Population by Mother Tongue, India, 2011",2011,OFFICIAL_CENSUS_2011
mt_census_051005,051000,Kabui,051005,Rongmei,False,68706,34396,34310,49293,19413,"Office of the Registrar General & Census Commissioner, India","C-16: Population by Mother Tongue, India, 2011",2011,OFFICIAL_CENSUS_2011
mt_census_051999,051000,Kabui,051999,51 Others,True,5,3,2,1,4,"Office of the Registrar General & Census Commissioner, India","C-16: Population by Mother Tongue, India, 2011",2011,OFFICIAL_CENSUS_2011
mt_census_052002,052000,Karbi/Mikir,052002,Karbi/Mikir,False,528503,267064,261439,481209,47294,"Office of the Registrar General & Census Commissioner, India","C-16: Population by Mother Tongue, India, 2011",2011,OFFICIAL_CENSUS_2011
mt_census_053002,053000,Khandeshi,053002,Ahirani,False,1636465,840261,796204,1447847,188618,"Office of the Registrar General & Census Commissioner, India","C-16: Population by Mother Tongue, India, 2011",2011,OFFICIAL_CENSUS_2011
mt_census_053004,053000,Khandeshi,053004,Dangi,False,150674,75138,75536,145952,4722,"Office of the Registrar General & Census Commissioner, India","C-16: Population by Mother Tongue, India, 2011",2011,OFFICIAL_CENSUS_2011
mt_census_053005,053000,Khandeshi,053005,Gujari,False,57171,29795,27376,54112,3059,"Office of the Registrar General & Census Commissioner, India","C-16: Population by Mother Tongue, India, 2011",2011,OFFICIAL_CENSUS_2011
mt_census_053006,053000,Khandeshi,053006,Khandeshi,False,10670,5480,5190,3651,7019,"Office of the Registrar General & Census Commissioner, India","C-16: Population by Mother Tongue, India, 2011",2011,OFFICIAL_CENSUS_2011
mt_census_053999,053000,Khandeshi,053999,53 Others,True,5256,2628,2628,4599,657,"Office of the Registrar General & Census Commissioner, India","C-16: Population by Mother Tongue, India, 2011",2011,OFFICIAL_CENSUS_2011
mt_census_054005,054000,Kharia,054005,Kharia,False,293665,144973,148692,269374,24291,"Office of the Registrar General & Census Commissioner, India","C-16: Population by Mother Tongue, India, 2011",2011,OFFICIAL_CENSUS_2011
mt_census_054999,054000,Kharia,054999,54 Others,True,3949,1964,1985,3795,154,"Office of the Registrar General & Census Commissioner, India","C-16: Population by Mother Tongue, India, 2011",2011,OFFICIAL_CENSUS_2011
mt_census_055007,055000,Khasi,055007,Khasi,False,1037964,510477,527487,781894,256070,"Office of the Registrar General & Census Commissioner, India","C-16: Population by Mother Tongue, India, 2011",2011,OFFICIAL_CENSUS_2011
mt_census_055009,055000,Khasi,055009,Lyngngam,False,11586,5840,5746,11569,17,"Office of the Registrar General & Census Commissioner, India","C-16: Population by Mother Tongue, India, 2011",2011,OFFICIAL_CENSUS_2011
mt_census_055012,055000,Khasi,055012,Pnar/Synteng,False,319324,156818,162506,289379,29945,"Office of the Registrar General & Census Commissioner, India","C-16: Population by Mother Tongue, India, 2011",2011,OFFICIAL_CENSUS_2011
mt_census_055015,055000,Khasi,055015,War,False,51558,25482,26076,50201,1357,"Office of the Registrar General & Census Commissioner, India","C-16: Population by Mother Tongue, India, 2011",2011,OFFICIAL_CENSUS_2011
mt_census_055999,055000,Khasi,055999,55 Others,True,10912,5100,5812,6667,4245,"Office of the Registrar General & Census Commissioner, India","C-16: Population by Mother Tongue, India, 2011",2011,OFFICIAL_CENSUS_2011
mt_census_056003,056000,Khezha,056003,Khezha,False,36383,18367,18016,28868,7515,"Office of the Registrar General & Census Commissioner, India","C-16: Population by Mother Tongue, India, 2011",2011,OFFICIAL_CENSUS_2011
mt_census_056999,056000,Khezha,056999,56 Others,True,5242,2759,2483,5097,145,"Office of the Registrar General & Census Commissioner, India","C-16: Population by Mother Tongue, India, 2011",2011,OFFICIAL_CENSUS_2011
mt_census_057001,057000,Khiemnungan,057001,Khiemnungan,False,61968,32405,29563,55261,6707,"Office of the Registrar General & Census Commissioner, India","C-16: Population by Mother Tongue, India, 2011",2011,OFFICIAL_CENSUS_2011
mt_census_057999,057000,Khiemnungan,057999,57 Others,True,15,9,6,1,14,"Office of the Registrar General & Census Commissioner, India","C-16: Population by Mother Tongue, India, 2011",2011,OFFICIAL_CENSUS_2011
mt_census_058001,058000,Khond/Kondh,058001,Khond/Kondh,False,111693,53913,57780,110122,1571,"Office of the Registrar General & Census Commissioner, India","C-16: Population by Mother Tongue, India, 2011",2011,OFFICIAL_CENSUS_2011
mt_census_058006,058000,Khond/Kondh,058006,Kuvi,False,43855,20796,23059,43674,181,"Office of the Registrar General & Census Commissioner, India","C-16: Population by Mother Tongue, India, 2011",2011,OFFICIAL_CENSUS_2011
mt_census_059003,059000,Kinnauri,059003,Kinnauri,False,83427,40711,42716,80211,3216,"Office of the Registrar General & Census Commissioner, India","C-16: Population by Mother Tongue, India, 2011",2011,OFFICIAL_CENSUS_2011
mt_census_059999,059000,Kinnauri,059999,59 Others,True,134,74,60,34,100,"Office of the Registrar General & Census Commissioner, India","C-16: Population by Mother Tongue, India, 2011",2011,OFFICIAL_CENSUS_2011
mt_census_060002,060000,Kisan,060002,Kisan,False,206100,102398,103702,189730,16370,"Office of the Registrar General & Census Commissioner, India","C-16: Population by Mother Tongue, India, 2011",2011,OFFICIAL_CENSUS_2011
mt_census_061002,061000,Koch,061002,Koch,False,33962,17069,16893,32431,1531,"Office of the Registrar General & Census Commissioner, India","C-16: Population by Mother Tongue, India, 2011",2011,OFFICIAL_CENSUS_2011
mt_census_061999,061000,Koch,061999,61 Others,True,2472,1226,1246,2430,42,"Office of the Registrar General & Census Commissioner, India","C-16: Population by Mother Tongue, India, 2011",2011,OFFICIAL_CENSUS_2011
mt_census_062003,062000,Koda/Kora,062003,Koda/Kora,False,47181,23518,23663,42683,4498,"Office of the Registrar General & Census Commissioner, India","C-16: Population by Mother Tongue, India, 2011",2011,OFFICIAL_CENSUS_2011
mt_census_062999,062000,Koda/Kora,062999,62 Others,True,87,41,46,81,6,"Office of the Registrar General & Census Commissioner, India","C-16: Population by Mother Tongue, India, 2011",2011,OFFICIAL_CENSUS_2011
mt_census_063001,063000,Kolami,063001,Kolami,False,128451,64423,64028,126112,2339,"Office of the Registrar General & Census Commissioner, India","C-16: Population by Mother Tongue, India, 2011",2011,OFFICIAL_CENSUS_2011
mt_census_064001,064000,Kom,064001,Kom,False,15108,7483,7625,13788,1320,"Office of the Registrar General & Census Commissioner, India","C-16: Population by Mother Tongue, India, 2011",2011,OFFICIAL_CENSUS_2011
mt_census_065002,065000,Konda,065002,Kodu,False,32166,15880,16286,31080,1086,"Office of the Registrar General & Census Commissioner, India","C-16: Population by Mother Tongue, India, 2011",2011,OFFICIAL_CENSUS_2011
mt_census_065003,065000,Konda,065003,Konda,False,24987,12380,12607,24836,151,"Office of the Registrar General & Census Commissioner, India","C-16: Population by Mother Tongue, India, 2011",2011,OFFICIAL_CENSUS_2011
mt_census_065999,065000,Konda,065999,65 Others,True,3546,1779,1767,3505,41,"Office of the Registrar General & Census Commissioner, India","C-16: Population by Mother Tongue, India, 2011",2011,OFFICIAL_CENSUS_2011
mt_census_066001,066000,Konyak,066001,Konyak,False,244477,127807,116670,211984,32493,"Office of the Registrar General & Census Commissioner, India","C-16: Population by Mother Tongue, India, 2011",2011,OFFICIAL_CENSUS_2011
mt_census_067001,067000,Korku,067001,Korku,False,688053,348620,339433,678097,9956,"Office of the Registrar General & Census Commissioner, India","C-16: Population by Mother Tongue, India, 2011",2011,OFFICIAL_CENSUS_2011
mt_census_067004,067000,Korku,067004,Muwasi,False,35827,18001,17826,35594,233,"Office of the Registrar General & Census Commissioner, India","C-16: Population by Mother Tongue, India, 2011",2011,OFFICIAL_CENSUS_2011
mt_census_067999,067000,Korku,067999,67 Others,True,3253,1664,1589,3231,22,"Office of the Registrar General & Census Commissioner, India","C-16: Population by Mother Tongue, India, 2011",2011,OFFICIAL_CENSUS_2011
mt_census_068003,068000,Korwa,068003,Koraku,False,16154,8067,8087,15654,500,"Office of the Registrar General & Census Commissioner, India","C-16: Population by Mother Tongue, India, 2011",2011,OFFICIAL_CENSUS_2011
mt_census_068999,068000,Korwa,068999,68 Others,True,12299,6236,6063,8621,3678,"Office of the Registrar General & Census Commissioner, India","C-16: Population by Mother Tongue, India, 2011",2011,OFFICIAL_CENSUS_2011
mt_census_069002,069000,Koya,069002,Koya,False,407423,197697,209726,402214,5209,"Office of the Registrar General & Census Commissioner, India","C-16: Population by Mother Tongue, India, 2011",2011,OFFICIAL_CENSUS_2011
mt_census_070001,070000,Kui,070001,Kui,False,941377,451357,490020,920177,21200,"Office of the Registrar General & Census Commissioner, India","C-16: Population by Mother Tongue, India, 2011",2011,OFFICIAL_CENSUS_2011
mt_census_070999,070000,Kui,070999,70 Others,True,111,55,56,106,5,"Office of the Registrar General & Census Commissioner, India","C-16: Population by Mother Tongue, India, 2011",2011,OFFICIAL_CENSUS_2011
mt_census_071008,071000,Kuki,071008,Kuki,False,82049,42021,40028,66261,15788,"Office of the Registrar General & Census Commissioner, India","C-16: Population by Mother Tongue, India, 2011",2011,OFFICIAL_CENSUS_2011
mt_census_071999,071000,Kuki,071999,71 Others,True,1919,1004,915,1856,63,"Office of the Registrar General & Census Commissioner, India","C-16: Population by Mother Tongue, India, 2011",2011,OFFICIAL_CENSUS_2011
mt_census_072024,072000,Kurukh/Oraon,072024,Kurukh/Oraon,False,1976920,986869,990051,1800364,176556,"Office of the Registrar General & Census Commissioner, India","C-16: Population by Mother Tongue, India, 2011",2011,OFFICIAL_CENSUS_2011
mt_census_072999,072000,Kurukh/Oraon,072999,72 Others,True,11430,6477,4953,8552,2878,"Office of the Registrar General & Census Commissioner, India","C-16: Population by Mother Tongue, India, 2011",2011,OFFICIAL_CENSUS_2011
mt_census_073003,073000,Ladakhi,073003,Ladakhi,False,14952,8885,6067,9829,5123,"Office of the Registrar General & Census Commissioner, India","C-16: Population by Mother Tongue, India, 2011",2011,OFFICIAL_CENSUS_2011
mt_census_074002,074000,Lahauli,074002,Lahauli,False,11162,5545,5617,7929,3233,"Office of the Registrar General & Census Commissioner, India","C-16: Population by Mother Tongue, India, 2011",2011,OFFICIAL_CENSUS_2011
mt_census_074999,074000,Lahauli,074999,74 Others,True,412,220,192,352,60,"Office of the Registrar General & Census Commissioner, India","C-16: Population by Mother Tongue, India, 2011",2011,OFFICIAL_CENSUS_2011
mt_census_075001,075000,Lahnda,075001,Bahawal Puri,False,29253,15063,14190,1735,27518,"Office of the Registrar General & Census Commissioner, India","C-16: Population by Mother Tongue, India, 2011",2011,OFFICIAL_CENSUS_2011
mt_census_075006,075000,Lahnda,075006,Hindi Multani,False,61722,31672,30050,40851,20871,"Office of the Registrar General & Census Commissioner, India","C-16: Population by Mother Tongue, India, 2011",2011,OFFICIAL_CENSUS_2011
mt_census_075999,075000,Lahnda,075999,75 Others,True,17816,9154,8662,11787,6029,"Office of the Registrar General & Census Commissioner, India","C-16: Population by Mother Tongue, India, 2011",2011,OFFICIAL_CENSUS_2011
mt_census_076002,076000,Lakher,076002,Mara,False,38671,19402,19269,25931,12740,"Office of the Registrar General & Census Commissioner, India","C-16: Population by Mother Tongue, India, 2011",2011,OFFICIAL_CENSUS_2011
mt_census_076999,076000,Lakher,076999,76 Others,True,3758,1839,1919,2136,1622,"Office of the Registrar General & Census Commissioner, India","C-16: Population by Mother Tongue, India, 2011",2011,OFFICIAL_CENSUS_2011
mt_census_077001,077000,Lalung,077001,Lalung,False,33921,17033,16888,32617,1304,"Office of the Registrar General & Census Commissioner, India","C-16: Population by Mother Tongue, India, 2011",2011,OFFICIAL_CENSUS_2011
mt_census_078001,078000,Lepcha,078001,Lepcha,False,47331,24162,23169,42597,4734,"Office of the Registrar General & Census Commissioner, India","C-16: Population by Mother Tongue, India, 2011",2011,OFFICIAL_CENSUS_2011
mt_census_079002,079000,Liangmei,079002,Liangmei,False,48388,24837,23551,45735,2653,"Office of the Registrar General & Census Commissioner, India","C-16: Population by Mother Tongue, India, 2011",2011,OFFICIAL_CENSUS_2011
mt_census_079999,079000,Liangmei,079999,79 Others,True,1423,727,696,1261,162,"Office of the Registrar General & Census Commissioner, India","C-16: Population by Mother Tongue, India, 2011",2011,OFFICIAL_CENSUS_2011
mt_census_080002,080000,Limbu,080002,Limbu,False,38067,19842,18225,36663,1404,"Office of the Registrar General & Census Commissioner, India","C-16: Population by Mother Tongue, India, 2011",2011,OFFICIAL_CENSUS_2011
mt_census_080999,080000,Limbu,080999,80 Others,True,2768,1465,1303,2457,311,"Office of the Registrar General & Census Commissioner, India","C-16: Population by Mother Tongue, India, 2011",2011,OFFICIAL_CENSUS_2011
mt_census_081001,081000,Lotha,081001,Lotha,False,179467,90406,89061,128240,51227,"Office of the Registrar General & Census Commissioner, India","C-16: Population by Mother Tongue, India, 2011",2011,OFFICIAL_CENSUS_2011
mt_census_082005,082000,Lushai/Mizo,082005,Lushai/Mizo,False,825900,409882,416018,313350,512550,"Office of the Registrar General & Census Commissioner, India","C-16: Population by Mother Tongue, India, 2011",2011,OFFICIAL_CENSUS_2011
mt_census_082999,082000,Lushai/Mizo,082999,82 Others,True,4946,2467,2479,4868,78,"Office of the Registrar General & Census Commissioner, India","C-16: Population by Mother Tongue, India, 2011",2011,OFFICIAL_CENSUS_2011
mt_census_083002,083000,Malto,083002,Pahariya,False,152814,76168,76646,151760,1054,"Office of the Registrar General & Census Commissioner, India","C-16: Population by Mother Tongue, India, 2011",2011,OFFICIAL_CENSUS_2011
mt_census_083004,083000,Malto,083004,Kulehiya,False,75776,39489,36287,75690,86,"Office of the Registrar General & Census Commissioner, India","C-16: Population by Mother Tongue, India, 2011",2011,OFFICIAL_CENSUS_2011
mt_census_083999,083000,Malto,083999,83 Others,True,6401,3165,3236,5963,438,"Office of the Registrar General & Census Commissioner, India","C-16: Population by Mother Tongue, India, 2011",2011,OFFICIAL_CENSUS_2011
mt_census_084001,084000,Mao,084001,Mao,False,97195,49480,47715,90485,6710,"Office of the Registrar General & Census Commissioner, India","C-16: Population by Mother Tongue, India, 2011",2011,OFFICIAL_CENSUS_2011
mt_census_084003,084000,Mao,084003,Paola,False,143001,74908,68093,141825,1176,"Office of the Registrar General & Census Commissioner, India","C-16: Population by Mother Tongue, India, 2011",2011,OFFICIAL_CENSUS_2011
mt_census_084999,084000,Mao,084999,84 Others,True,9,5,4,3,6,"Office of the Registrar General & Census Commissioner, India","C-16: Population by Mother Tongue, India, 2011",2011,OFFICIAL_CENSUS_2011
mt_census_085001,085000,Maram,085001,Maram,False,32460,16596,15864,32181,279,"Office of the Registrar General & Census Commissioner, India","C-16: Population by Mother Tongue, India, 2011",2011,OFFICIAL_CENSUS_2011
mt_census_086001,086000,Maring,086001,Maring,False,25814,13058,12756,25287,527,"Office of the Registrar General & Census Commissioner, India","C-16: Population by Mother Tongue, India, 2011",2011,OFFICIAL_CENSUS_2011
mt_census_087003,087000,Miri/Mishing,087003,Miri/Mishing,False,629954,320282,309672,616089,13865,"Office of the Registrar General & Census Commissioner, India","C-16: Population by Mother Tongue, India, 2011",2011,OFFICIAL_CENSUS_2011
mt_census_088007,088000,Mishmi,088007,Mishmi,False,15871,7865,8006,13864,2007,"Office of the Registrar General & Census Commissioner, India","C-16: Population by Mother Tongue, India, 2011",2011,OFFICIAL_CENSUS_2011
mt_census_088999,088000,Mishmi,088999,88 Others,True,28229,13860,14369,24950,3279,"Office of the Registrar General & Census Commissioner, India","C-16: Population by Mother Tongue, India, 2011",2011,OFFICIAL_CENSUS_2011
mt_census_089004,089000,Mogh,089004,Mogh,False,36652,18473,18179,35487,1165,"Office of the Registrar General & Census Commissioner, India","C-16: Population by Mother Tongue, India, 2011",2011,OFFICIAL_CENSUS_2011
mt_census_089999,089000,Mogh,089999,89 Others,True,13,8,5,8,5,"Office of the Registrar General & Census Commissioner, India","C-16: Population by Mother Tongue, India, 2011",2011,OFFICIAL_CENSUS_2011
mt_census_090003,090000,Monpa,090003,Monpa,False,13703,7072,6631,9912,3791,"Office of the Registrar General & Census Commissioner, India","C-16: Population by Mother Tongue, India, 2011",2011,OFFICIAL_CENSUS_2011
mt_census_091006,091000,Munda,091006,Kol,False,19868,9936,9932,18965,903,"Office of the Registrar General & Census Commissioner, India","C-16: Population by Mother Tongue, India, 2011",2011,OFFICIAL_CENSUS_2011
mt_census_091009,091000,Munda,091009,Munda,False,464817,232259,232558,420276,44541,"Office of the Registrar General & Census Commissioner, India","C-16: Population by Mother Tongue, India, 2011",2011,OFFICIAL_CENSUS_2011
mt_census_091999,091000,Munda,091999,91 Others,True,21237,10920,10317,17344,3893,"Office of the Registrar General & Census Commissioner, India","C-16: Population by Mother Tongue, India, 2011",2011,OFFICIAL_CENSUS_2011
mt_census_092005,092000,Mundari,092005,Mundari,False,1128050,563561,564489,1042110,85940,"Office of the Registrar General & Census Commissioner, India","C-16: Population by Mother Tongue, India, 2011",2011,OFFICIAL_CENSUS_2011
mt_census_092999,092000,Mundari,092999,92 Others,True,178,47,131,120,58,"Office of the Registrar General & Census Commissioner, India","C-16: Population by Mother Tongue, India, 2011",2011,OFFICIAL_CENSUS_2011
mt_census_093001,093000,Nicobarese,093001,Nicobarese,False,29099,14974,14125,26970,2129,"Office of the Registrar General & Census Commissioner, India","C-16: Population by Mother Tongue, India, 2011",2011,OFFICIAL_CENSUS_2011
mt_census_094001,094000,Nissi/Dafla,094001,Apatani,False,44815,21848,22967,28997,15818,"Office of the Registrar General & Census Commissioner, India","C-16: Population by Mother Tongue, India, 2011",2011,OFFICIAL_CENSUS_2011
mt_census_094007,094000,Nissi/Dafla,094007,Nissi/Dafla,False,289166,141051,148115,239992,49174,"Office of the Registrar General & Census Commissioner, India","C-16: Population by Mother Tongue, India, 2011",2011,OFFICIAL_CENSUS_2011
mt_census_094008,094000,Nissi/Dafla,094008,Tagin,False,62897,31055,31842,50931,11966,"Office of the Registrar General & Census Commissioner, India","C-16: Population by Mother Tongue, India, 2011",2011,OFFICIAL_CENSUS_2011
mt_census_094999,094000,Nissi/Dafla,094999,94 Others,True,9654,5019,4635,9121,533,"Office of the Registrar General & Census Commissioner, India","C-16: Population by Mother Tongue, India, 2011",2011,OFFICIAL_CENSUS_2011
mt_census_095003,095000,Nocte,095003,Nocte,False,29810,14930,14880,23570,6240,"Office of the Registrar General & Census Commissioner, India","C-16: Population by Mother Tongue, India, 2011",2011,OFFICIAL_CENSUS_2011
mt_census_095999,095000,Nocte,095999,95 Others,True,1029,506,523,891,138,"Office of the Registrar General & Census Commissioner, India","C-16: Population by Mother Tongue, India, 2011",2011,OFFICIAL_CENSUS_2011
mt_census_096002,096000,Paite,096002,Paite,False,79443,39397,40046,68299,11144,"Office of the Registrar General & Census Commissioner, India","C-16: Population by Mother Tongue, India, 2011",2011,OFFICIAL_CENSUS_2011
mt_census_096999,096000,Paite,096999,96 Others,True,64,36,28,30,34,"Office of the Registrar General & Census Commissioner, India","C-16: Population by Mother Tongue, India, 2011",2011,OFFICIAL_CENSUS_2011
mt_census_097001,097000,Parji,097001,Dhurwa,False,45938,22781,23157,45453,485,"Office of the Registrar General & Census Commissioner, India","C-16: Population by Mother Tongue, India, 2011",2011,OFFICIAL_CENSUS_2011
mt_census_097999,097000,Parji,097999,97 Others,True,6411,3170,3241,6323,88,"Office of the Registrar General & Census Commissioner, India","C-16: Population by Mother Tongue, India, 2011",2011,OFFICIAL_CENSUS_2011
mt_census_098001,098000,Pawi,098001,Pawi,False,28639,14292,14347,19131,9508,"Office of the Registrar General & Census Commissioner, India","C-16: Population by Mother Tongue, India, 2011",2011,OFFICIAL_CENSUS_2011
mt_census_100001,100000,Phom,100001,Phom,False,54416,28351,26065,43834,10582,"Office of the Registrar General & Census Commissioner, India","C-16: Population by Mother Tongue, India, 2011",2011,OFFICIAL_CENSUS_2011
mt_census_101006,101000,Pochury,101006,Pochury,False,21568,11020,10548,20499,1069,"Office of the Registrar General & Census Commissioner, India","C-16: Population by Mother Tongue, India, 2011",2011,OFFICIAL_CENSUS_2011
mt_census_101999,101000,Pochury,101999,101 Others,True,86,47,39,61,25,"Office of the Registrar General & Census Commissioner, India","C-16: Population by Mother Tongue, India, 2011",2011,OFFICIAL_CENSUS_2011
mt_census_102002,102000,Rabha,102002,Rabha,False,139985,70802,69183,135047,4938,"Office of the Registrar General & Census Commissioner, India","C-16: Population by Mother Tongue, India, 2011",2011,OFFICIAL_CENSUS_2011
mt_census_102999,102000,Rabha,102999,102 Others,True,1,0,1,1,0,"Office of the Registrar General & Census Commissioner, India","C-16: Population by Mother Tongue, India, 2011",2011,OFFICIAL_CENSUS_2011
mt_census_103003,103000,Rai,103003,Rai,False,10427,5339,5088,9660,767,"Office of the Registrar General & Census Commissioner, India","C-16: Population by Mother Tongue, India, 2011",2011,OFFICIAL_CENSUS_2011
mt_census_103999,103000,Rai,103999,103 Others,True,5217,2730,2487,5047,170,"Office of the Registrar General & Census Commissioner, India","C-16: Population by Mother Tongue, India, 2011",2011,OFFICIAL_CENSUS_2011
mt_census_104001,104000,Rengma,104001,Rengma,False,65328,32444,32884,54967,10361,"Office of the Registrar General & Census Commissioner, India","C-16: Population by Mother Tongue, India, 2011",2011,OFFICIAL_CENSUS_2011
mt_census_105004,105000,Sangtam,105004,Sangtam,False,75684,38510,37174,55089,20595,"Office of the Registrar General & Census Commissioner, India","C-16: Population by Mother Tongue, India, 2011",2011,OFFICIAL_CENSUS_2011
mt_census_105999,105000,Sangtam,105999,105 Others,True,316,154,162,76,240,"Office of the Registrar General & Census Commissioner, India","C-16: Population by Mother Tongue, India, 2011",2011,OFFICIAL_CENSUS_2011
mt_census_106004,106000,Savara,106004,Savara,False,409481,200336,209145,402607,6874,"Office of the Registrar General & Census Commissioner, India","C-16: Population by Mother Tongue, India, 2011",2011,OFFICIAL_CENSUS_2011
mt_census_106999,106000,Savara,106999,106 Others,True,68,30,38,62,6,"Office of the Registrar General & Census Commissioner, India","C-16: Population by Mother Tongue, India, 2011",2011,OFFICIAL_CENSUS_2011
mt_census_107002,107000,Sema,107002,Sema,False,10802,5498,5304,4696,6106,"Office of the Registrar General & Census Commissioner, India","C-16: Population by Mother Tongue, India, 2011",2011,OFFICIAL_CENSUS_2011
mt_census_108001,108000,Sherpa,108001,Sherpa,False,16012,8344,7668,13847,2165,"Office of the Registrar General & Census Commissioner, India","C-16: Population by Mother Tongue, India, 2011",2011,OFFICIAL_CENSUS_2011
mt_census_109005,109000,Shina,109005,Shina,False,32069,16793,15276,30545,1524,"Office of the Registrar General & Census Commissioner, India","C-16: Population by Mother Tongue, India, 2011",2011,OFFICIAL_CENSUS_2011
mt_census_109999,109000,Shina,109999,109 Others,True,178,96,82,153,25,"Office of the Registrar General & Census Commissioner, India","C-16: Population by Mother Tongue, India, 2011",2011,OFFICIAL_CENSUS_2011
mt_census_111001,111000,Tamang,111001,Tamang,False,20154,10585,9569,16729,3425,"Office of the Registrar General & Census Commissioner, India","C-16: Population by Mother Tongue, India, 2011",2011,OFFICIAL_CENSUS_2011
mt_census_112008,112000,Tangkhul,112008,Tangkhul,False,187263,94565,92698,154280,32983,"Office of the Registrar General & Census Commissioner, India","C-16: Population by Mother Tongue, India, 2011",2011,OFFICIAL_CENSUS_2011
mt_census_112999,112000,Tangkhul,112999,112 Others,True,13,7,6,7,6,"Office of the Registrar General & Census Commissioner, India","C-16: Population by Mother Tongue, India, 2011",2011,OFFICIAL_CENSUS_2011
mt_census_113024,113000,Tangsa,113024,Tutcha Tangsa,False,10234,5304,4930,9396,838,"Office of the Registrar General & Census Commissioner, India","C-16: Population by Mother Tongue, India, 2011",2011,OFFICIAL_CENSUS_2011
mt_census_113999,113000,Tangsa,113999,113 Others,True,28390,14192,14198,25504,2886,"Office of the Registrar General & Census Commissioner, India","C-16: Population by Mother Tongue, India, 2011",2011,OFFICIAL_CENSUS_2011
mt_census_114015,114000,Thado,114015,Thado,False,227114,113578,113536,210285,16829,"Office of the Registrar General & Census Commissioner, India","C-16: Population by Mother Tongue, India, 2011",2011,OFFICIAL_CENSUS_2011
mt_census_114999,114000,Thado,114999,114 Others,True,2226,1174,1052,1695,531,"Office of the Registrar General & Census Commissioner, India","C-16: Population by Mother Tongue, India, 2011",2011,OFFICIAL_CENSUS_2011
mt_census_115008,115000,Tibetan,115008,Tibetan,False,83779,49081,34698,48656,35123,"Office of the Registrar General & Census Commissioner, India","C-16: Population by Mother Tongue, India, 2011",2011,OFFICIAL_CENSUS_2011
mt_census_115011,115000,Tibetan,115011,Purkhi,False,93500,47918,45582,82112,11388,"Office of the Registrar General & Census Commissioner, India","C-16: Population by Mother Tongue, India, 2011",2011,OFFICIAL_CENSUS_2011
mt_census_115999,115000,Tibetan,115999,115 Others,True,5406,2796,2610,4121,1285,"Office of the Registrar General & Census Commissioner, India","C-16: Population by Mother Tongue, India, 2011",2011,OFFICIAL_CENSUS_2011
mt_census_116007,116000,Tripuri,116007,Kokbarak,False,917900,463044,454856,881728,36172,"Office of the Registrar General & Census Commissioner, India","C-16: Population by Mother Tongue, India, 2011",2011,OFFICIAL_CENSUS_2011
mt_census_116011,116000,Tripuri,116011,Reang,False,58539,29750,28789,57227,1312,"Office of the Registrar General & Census Commissioner, India","C-16: Population by Mother Tongue, India, 2011",2011,OFFICIAL_CENSUS_2011
mt_census_116014,116000,Tripuri,116014,Tripuri,False,33138,17010,16128,31958,1180,"Office of the Registrar General & Census Commissioner, India","C-16: Population by Mother Tongue, India, 2011",2011,OFFICIAL_CENSUS_2011
mt_census_116999,116000,Tripuri,116999,116 Others,True,1717,911,806,1614,103,"Office of the Registrar General & Census Commissioner, India","C-16: Population by Mother Tongue, India, 2011",2011,OFFICIAL_CENSUS_2011
mt_census_117009,117000,Tulu,117009,Tulu,False,1841963,899059,942904,1081821,760142,"Office of the Registrar General & Census Commissioner, India","C-16: Population by Mother Tongue, India, 2011",2011,OFFICIAL_CENSUS_2011
mt_census_117999,117000,Tulu,117999,117 Others,True,4464,2301,2163,2666,1798,"Office of the Registrar General & Census Commissioner, India","C-16: Population by Mother Tongue, India, 2011",2011,OFFICIAL_CENSUS_2011
mt_census_118002,118000,Vaiphei,118002,Vaiphei,False,42748,21343,21405,38528,4220,"Office of the Registrar General & Census Commissioner, India","C-16: Population by Mother Tongue, India, 2011",2011,OFFICIAL_CENSUS_2011
mt_census_119001,119000,Wancho,119001,Wancho,False,59154,29786,29368,53413,5741,"Office of the Registrar General & Census Commissioner, India","C-16: Population by Mother Tongue, India, 2011",2011,OFFICIAL_CENSUS_2011
mt_census_120001,120000,Yimchungre,120001,Chirr,False,12300,6335,5965,11885,415,"Office of the Registrar General & Census Commissioner, India","C-16: Population by Mother Tongue, India, 2011",2011,OFFICIAL_CENSUS_2011
mt_census_120004,120000,Yimchungre,120004,Tikhir,False,11071,5710,5361,9344,1727,"Office of the Registrar General & Census Commissioner, India","C-16: Population by Mother Tongue, India, 2011",2011,OFFICIAL_CENSUS_2011
mt_census_120005,120000,Yimchungre,120005,Yimchungre,False,56538,28762,27776,45029,11509,"Office of the Registrar General & Census Commissioner, India","C-16: Population by Mother Tongue, India, 2011",2011,OFFICIAL_CENSUS_2011
mt_census_120999,120000,Yimchungre,120999,120 Others,True,3350,1746,1604,3333,17,"Office of the Registrar General & Census Commissioner, India","C-16: Population by Mother Tongue, India, 2011",2011,OFFICIAL_CENSUS_2011
mt_census_121001,121000,Zeliang,121001,Zeliang,False,63529,32144,31385,49744,13785,"Office of the Registrar General & Census Commissioner, India","C-16: Population by Mother Tongue, India, 2011",2011,OFFICIAL_CENSUS_2011
mt_census_122003,122000,Zemi,122003,Zemi,False,50923,25869,25054,45036,5887,"Office of the Registrar General & Census Commissioner, India","C-16: Population by Mother Tongue, India, 2011",2011,OFFICIAL_CENSUS_2011
mt_census_122999,122000,Zemi,122999,122 Others,True,2,0,2,1,1,"Office of the Registrar General & Census Commissioner, India","C-16: Population by Mother Tongue, India, 2011",2011,OFFICIAL_CENSUS_2011
mt_census_123001,123000,Zou,123001,Zou,False,26545,13250,13295,23819,2726,"Office of the Registrar General & Census Commissioner, India","C-16: Population by Mother Tongue, India, 2011",2011,OFFICIAL_CENSUS_2011
